current_power,local_time,month_energy,month_runtime,today_energy,today_runtime
7635,2024-07-20T15:21:29,23505,28281,593,921
257222,2024-07-20T15:21:30,23505,28281,593,921
257222,2024-07-20T15:21:31,23505,28281,593,921
257222,2024-07-20T15:21:32,23505,28281,593,921
254889,2024-07-20T15:21:33,23505,28281,593,921
254889,2024-07-20T15:21:34,23505,28281,593,921
254889,2024-07-20T15:21:35,23505,28281,593,921
253867,2024-07-20T15:21:36,23505,28281,593,921
253867,2024-07-20T15:21:37,23505,28281,593,921
253867,2024-07-20T15:21:38,23505,28281,593,921
252968,2024-07-20T15:21:39,23505,28281,593,921
252968,2024-07-20T15:21:40,23505,28281,593,921
252968,2024-07-20T15:21:41,23506,28281,594,921
205230,2024-07-20T15:21:43,23506,28281,594,921
205230,2024-07-20T15:21:44,23506,28281,594,921
105426,2024-07-20T15:21:45,23506,28281,594,921
105426,2024-07-20T15:21:46,23506,28281,594,921
105426,2024-07-20T15:21:47,23506,28281,594,921
39279,2024-07-20T15:21:48,23506,28281,594,921
39279,2024-07-20T15:21:49,23506,28281,594,921
39279,2024-07-20T15:21:50,23506,28281,594,921
51858,2024-07-20T15:21:51,23506,28281,594,921
51858,2024-07-20T15:21:52,23506,28281,594,921
51858,2024-07-20T15:21:53,23506,28281,594,921
84953,2024-07-20T15:21:54,23506,28281,594,921
84953,2024-07-20T15:21:55,23506,28281,594,921
84953,2024-07-20T15:21:57,23506,28281,594,921
121958,2024-07-20T15:21:58,23506,28281,594,921
121958,2024-07-20T15:21:59,23506,28281,594,921
104005,2024-07-20T15:22:00,23506,28282,594,922
104005,2024-07-20T15:22:01,23506,28282,594,922
104005,2024-07-20T15:22:02,23506,28282,594,922
77440,2024-07-20T15:22:03,23506,28282,594,922
77440,2024-07-20T15:22:04,23506,28282,594,922
77440,2024-07-20T15:22:05,23506,28282,594,922
51668,2024-07-20T15:22:06,23506,28282,594,922
51668,2024-07-20T15:22:07,23506,28282,594,922
51668,2024-07-20T15:22:08,23506,28282,594,922
38102,2024-07-20T15:22:09,23506,28282,594,922
38102,2024-07-20T15:22:11,23506,28282,594,922
44190,2024-07-20T15:22:12,23506,28282,594,922
44190,2024-07-20T15:22:13,23506,28282,594,922
56161,2024-07-20T15:22:15,23506,28282,594,922
56161,2024-07-20T15:22:16,23506,28282,594,922
61088,2024-07-20T15:22:19,23506,28282,594,922
61088,2024-07-20T15:22:20,23506,28282,594,922
65909,2024-07-20T15:22:21,23506,28282,594,922
65909,2024-07-20T15:22:22,23506,28282,594,922
65909,2024-07-20T15:22:23,23506,28282,594,922
58965,2024-07-20T15:22:24,23506,28282,594,922
58965,2024-07-20T15:22:25,23506,28282,594,922
58965,2024-07-20T15:22:26,23506,28282,594,922
66458,2024-07-20T15:22:27,23506,28282,594,922
66458,2024-07-20T15:22:28,23506,28282,594,922
66458,2024-07-20T15:22:29,23506,28282,594,922
52701,2024-07-20T15:22:30,23506,28282,594,922
52701,2024-07-20T15:22:32,23506,28282,594,922
47280,2024-07-20T15:22:33,23506,28282,594,922
47280,2024-07-20T15:22:34,23506,28282,594,922
47280,2024-07-20T15:22:35,23507,28282,595,922
46078,2024-07-20T15:22:36,23507,28282,595,922
46078,2024-07-20T15:22:37,23507,28282,595,922
46078,2024-07-20T15:22:38,23507,28282,595,922
50710,2024-07-20T15:22:39,23507,28282,595,922
50710,2024-07-20T15:22:40,23507,28282,595,922
50710,2024-07-20T15:22:41,23507,28282,595,922
45996,2024-07-20T15:22:44,23507,28282,595,922
41321,2024-07-20T15:22:45,23507,28282,595,922
41321,2024-07-20T15:22:46,23507,28282,595,922
41321,2024-07-20T15:22:47,23507,28282,595,922
48531,2024-07-20T15:22:49,23507,28282,595,922
48531,2024-07-20T15:22:50,23507,28282,595,922
52611,2024-07-20T15:22:51,23507,28282,595,922
52611,2024-07-20T15:22:52,23507,28282,595,922
52611,2024-07-20T15:22:53,23507,28282,595,922
46635,2024-07-20T15:22:54,23507,28282,595,922
46635,2024-07-20T15:22:55,23507,28282,595,922
46635,2024-07-20T15:22:56,23507,28282,595,922
46607,2024-07-20T15:22:57,23507,28282,595,922
46607,2024-07-20T15:22:58,23507,28282,595,922
46607,2024-07-20T15:22:59,23507,28282,595,922
51762,2024-07-20T15:23:00,23507,28283,595,923
51762,2024-07-20T15:23:01,23507,28283,595,923
51762,2024-07-20T15:23:03,23507,28283,595,923
59689,2024-07-20T15:23:04,23507,28283,595,923
59689,2024-07-20T15:23:05,23507,28283,595,923
56109,2024-07-20T15:23:06,23507,28283,595,923
56109,2024-07-20T15:23:07,23507,28283,595,923
56109,2024-07-20T15:23:08,23507,28283,595,923
57298,2024-07-20T15:23:09,23507,28283,595,923
57298,2024-07-20T15:23:10,23507,28283,595,923
57298,2024-07-20T15:23:11,23507,28283,595,923
50735,2024-07-20T15:23:12,23507,28283,595,923
50735,2024-07-20T15:23:13,23507,28283,595,923
50735,2024-07-20T15:23:14,23507,28283,595,923
53992,2024-07-20T15:23:15,23507,28283,595,923
53992,2024-07-20T15:23:17,23507,28283,595,923
53992,2024-07-20T15:23:18,23507,28283,595,923
56445,2024-07-20T15:23:19,23507,28283,595,923
56445,2024-07-20T15:23:20,23507,28283,595,923
56124,2024-07-20T15:23:21,23507,28283,595,923
56124,2024-07-20T15:23:22,23507,28283,595,923
56124,2024-07-20T15:23:23,23507,28283,595,923
60472,2024-07-20T15:23:24,23507,28283,595,923
60472,2024-07-20T15:23:25,23507,28283,595,923
60472,2024-07-20T15:23:26,23507,28283,595,923
54983,2024-07-20T15:23:27,23507,28283,595,923
54983,2024-07-20T15:23:28,23507,28283,595,923
54983,2024-07-20T15:23:29,23507,28283,595,923
50071,2024-07-20T15:23:30,23507,28283,595,923
50071,2024-07-20T15:23:32,23507,28283,595,923
50071,2024-07-20T15:23:33,23507,28283,595,923
53538,2024-07-20T15:23:34,23507,28283,595,923
53538,2024-07-20T15:23:35,23507,28283,595,923
58140,2024-07-20T15:23:36,23507,28283,595,923
58140,2024-07-20T15:23:37,23507,28283,595,923
58140,2024-07-20T15:23:38,23507,28283,595,923
69220,2024-07-20T15:23:39,23507,28283,595,923
69220,2024-07-20T15:23:40,23507,28283,595,923
69220,2024-07-20T15:23:41,23508,28283,596,923
55927,2024-07-20T15:23:42,23508,28283,596,923
55927,2024-07-20T15:23:43,23508,28283,596,923
55927,2024-07-20T15:23:44,23508,28283,596,923
51119,2024-07-20T15:23:46,23508,28283,596,923
51119,2024-07-20T15:23:47,23508,28283,596,923
52156,2024-07-20T15:23:48,23508,28283,596,923
52156,2024-07-20T15:23:49,23508,28283,596,923
52156,2024-07-20T15:23:50,23508,28283,596,923
59061,2024-07-20T15:23:51,23508,28283,596,923
59061,2024-07-20T15:23:52,23508,28283,596,923
59061,2024-07-20T15:23:53,23508,28283,596,923
65486,2024-07-20T15:23:54,23508,28283,596,923
65486,2024-07-20T15:23:55,23508,28283,596,923
65486,2024-07-20T15:23:56,23508,28283,596,923
61019,2024-07-20T15:23:57,23508,28283,596,923
61019,2024-07-20T15:23:59,23508,28283,596,923
61019,2024-07-20T15:24:00,23508,28284,596,924
60620,2024-07-20T15:24:01,23508,28284,596,924
60620,2024-07-20T15:24:02,23508,28284,596,924
53798,2024-07-20T15:24:03,23508,28284,596,924
53798,2024-07-20T15:24:04,23508,28284,596,924
53798,2024-07-20T15:24:05,23508,28284,596,924
52914,2024-07-20T15:24:06,23508,28284,596,924
52914,2024-07-20T15:24:07,23508,28284,596,924
52914,2024-07-20T15:24:08,23508,28284,596,924
63907,2024-07-20T15:24:09,23508,28284,596,924
63907,2024-07-20T15:24:10,23508,28284,596,924
63907,2024-07-20T15:24:11,23508,28284,596,924
67183,2024-07-20T15:24:13,23508,28284,596,924
67183,2024-07-20T15:24:14,23508,28284,596,924
61799,2024-07-20T15:24:15,23508,28284,596,924
61799,2024-07-20T15:24:16,23508,28284,596,924
61799,2024-07-20T15:24:17,23508,28284,596,924
59447,2024-07-20T15:24:18,23508,28284,596,924
59447,2024-07-20T15:24:19,23508,28284,596,924
59447,2024-07-20T15:24:20,23508,28284,596,924
61169,2024-07-20T15:24:21,23508,28284,596,924
61169,2024-07-20T15:24:22,23508,28284,596,924
61169,2024-07-20T15:24:24,23508,28284,596,924
60125,2024-07-20T15:24:25,23508,28284,596,924
60125,2024-07-20T15:24:26,23508,28284,596,924
60125,2024-07-20T15:24:27,23508,28284,596,924
60461,2024-07-20T15:24:28,23508,28284,596,924
60461,2024-07-20T15:24:29,23508,28284,596,924
70755,2024-07-20T15:24:30,23508,28284,596,924
70755,2024-07-20T15:24:31,23508,28284,596,924
70755,2024-07-20T15:24:32,23508,28284,596,924
66874,2024-07-20T15:24:33,23508,28284,596,924
66874,2024-07-20T15:24:34,23508,28284,596,924
66874,2024-07-20T15:24:35,23508,28284,596,924
62312,2024-07-20T15:24:36,23508,28284,596,924
62312,2024-07-20T15:24:38,23508,28284,596,924
62312,2024-07-20T15:24:39,23508,28284,596,924
59564,2024-07-20T15:24:40,23508,28284,596,924
59564,2024-07-20T15:24:41,23509,28284,597,924
59564,2024-07-20T15:24:42,23509,28284,597,924
57216,2024-07-20T15:24:43,23509,28284,597,924
57216,2024-07-20T15:24:44,23509,28284,597,924
67283,2024-07-20T15:24:45,23509,28284,597,924
67283,2024-07-20T15:24:46,23509,28284,597,924
67283,2024-07-20T15:24:47,23509,28284,597,924
74571,2024-07-20T15:24:48,23509,28284,597,924
74571,2024-07-20T15:24:49,23509,28284,597,924
74571,2024-07-20T15:24:50,23509,28284,597,924
69947,2024-07-20T15:24:52,23509,28284,597,924
69947,2024-07-20T15:24:53,23509,28284,597,924
69947,2024-07-20T15:24:54,23509,28284,597,924
51105,2024-07-20T15:24:55,23509,28284,597,924
51105,2024-07-20T15:24:56,23509,28284,597,924
45783,2024-07-20T15:24:57,23509,28284,597,924
45783,2024-07-20T15:24:58,23509,28284,597,924
45783,2024-07-20T15:24:59,23509,28284,597,924
53877,2024-07-20T15:25:00,23509,28285,597,925
53877,2024-07-20T15:25:01,23509,28285,597,925
53877,2024-07-20T15:25:02,23509,28285,597,925
59700,2024-07-20T15:25:03,23509,28285,597,925
59700,2024-07-20T15:25:04,23509,28285,597,925
59700,2024-07-20T15:25:06,23509,28285,597,925
68109,2024-07-20T15:25:07,23509,28285,597,925
68109,2024-07-20T15:25:08,23509,28285,597,925
68109,2024-07-20T15:25:09,23509,28285,597,925
64548,2024-07-20T15:25:10,23509,28285,597,925
64548,2024-07-20T15:25:11,23509,28285,597,925
59166,2024-07-20T15:25:12,23509,28285,597,925
59166,2024-07-20T15:25:13,23509,28285,597,925
59166,2024-07-20T15:25:14,23509,28285,597,925
55031,2024-07-20T15:25:15,23509,28285,597,925
55031,2024-07-20T15:25:16,23509,28285,597,925
55031,2024-07-20T15:25:17,23509,28285,597,925
48570,2024-07-20T15:25:19,23509,28285,597,925
48570,2024-07-20T15:25:20,23509,28285,597,925
54302,2024-07-20T15:25:21,23509,28285,597,925
54302,2024-07-20T15:25:22,23509,28285,597,925
54302,2024-07-20T15:25:23,23509,28285,597,925
55841,2024-07-20T15:25:24,23509,28285,597,925
55841,2024-07-20T15:25:25,23509,28285,597,925
55841,2024-07-20T15:25:26,23509,28285,597,925
73206,2024-07-20T15:25:27,23509,28285,597,925
73206,2024-07-20T15:25:28,23509,28285,597,925
73206,2024-07-20T15:25:30,23509,28285,597,925
74451,2024-07-20T15:25:31,23509,28285,597,925
74451,2024-07-20T15:25:32,23509,28285,597,925
56456,2024-07-20T15:25:33,23509,28285,597,925
56456,2024-07-20T15:25:34,23509,28285,597,925
56456,2024-07-20T15:25:35,23509,28285,597,925
51515,2024-07-20T15:25:36,23509,28285,597,925
51515,2024-07-20T15:25:37,23509,28285,597,925
51515,2024-07-20T15:25:38,23509,28285,597,925
59058,2024-07-20T15:25:39,23509,28285,597,925
59058,2024-07-20T15:25:40,23510,28285,598,925
59058,2024-07-20T15:25:41,23510,28285,598,925
88706,2024-07-20T15:25:43,23510,28285,598,925
88706,2024-07-20T15:25:44,23510,28285,598,925
88706,2024-07-20T15:25:45,23510,28285,598,925
97950,2024-07-20T15:25:46,23510,28285,598,925
97950,2024-07-20T15:25:47,23510,28285,598,925
74538,2024-07-20T15:25:48,23510,28285,598,925
74538,2024-07-20T15:25:49,23510,28285,598,925
74538,2024-07-20T15:25:50,23510,28285,598,925
58502,2024-07-20T15:25:51,23510,28285,598,925
58502,2024-07-20T15:25:52,23510,28285,598,925
58502,2024-07-20T15:25:53,23510,28285,598,925
70595,2024-07-20T15:25:54,23510,28285,598,925
70595,2024-07-20T15:25:55,23510,28285,598,925
70595,2024-07-20T15:25:57,23510,28285,598,925
71213,2024-07-20T15:25:58,23510,28285,598,925
71213,2024-07-20T15:25:59,23510,28285,598,925
69196,2024-07-20T15:26:00,23510,28286,598,926
69196,2024-07-20T15:26:01,23510,28286,598,926
69196,2024-07-20T15:26:02,23510,28286,598,926
63557,2024-07-20T15:26:03,23510,28286,598,926
63557,2024-07-20T15:26:04,23510,28286,598,926
63557,2024-07-20T15:26:05,23510,28286,598,926
66515,2024-07-20T15:26:06,23510,28286,598,926
66515,2024-07-20T15:26:07,23510,28286,598,926
66515,2024-07-20T15:26:09,23510,28286,598,926
77026,2024-07-20T15:26:10,23510,28286,598,926
77026,2024-07-20T15:26:11,23510,28286,598,926
77026,2024-07-20T15:26:12,23510,28286,598,926
77224,2024-07-20T15:26:13,23510,28286,598,926
77224,2024-07-20T15:26:14,23510,28286,598,926
76850,2024-07-20T15:26:15,23510,28286,598,926
76850,2024-07-20T15:26:16,23510,28286,598,926
76850,2024-07-20T15:26:17,23510,28286,598,926
69969,2024-07-20T15:26:20,23510,28286,598,926
69969,2024-07-20T15:26:21,23510,28286,598,926
65652,2024-07-20T15:26:22,23510,28286,598,926
65652,2024-07-20T15:26:23,23510,28286,598,926
73773,2024-07-20T15:26:24,23510,28286,598,926
73773,2024-07-20T15:26:25,23510,28286,598,926
73773,2024-07-20T15:26:26,23510,28286,598,926
69518,2024-07-20T15:26:27,23510,28286,598,926
69518,2024-07-20T15:26:28,23510,28286,598,926
69518,2024-07-20T15:26:29,23511,28286,599,926
61308,2024-07-20T15:26:31,23511,28286,599,926
61308,2024-07-20T15:26:32,23511,28286,599,926
61308,2024-07-20T15:26:33,23511,28286,599,926
56174,2024-07-20T15:26:34,23511,28286,599,926
56174,2024-07-20T15:26:35,23511,28286,599,926
63627,2024-07-20T15:26:36,23511,28286,599,926
63627,2024-07-20T15:26:37,23511,28286,599,926
58586,2024-07-20T15:26:39,23511,28286,599,926
58586,2024-07-20T15:26:40,23511,28286,599,926
58586,2024-07-20T15:26:41,23511,28286,599,926
61656,2024-07-20T15:26:42,23511,28286,599,926
61656,2024-07-20T15:26:44,23511,28286,599,926
61656,2024-07-20T15:26:45,23511,28286,599,926
66471,2024-07-20T15:26:46,23511,28286,599,926
66471,2024-07-20T15:26:47,23511,28286,599,926
66471,2024-07-20T15:26:48,23511,28286,599,926
80291,2024-07-20T15:26:49,23511,28286,599,926
80291,2024-07-20T15:26:50,23511,28286,599,926
79708,2024-07-20T15:26:51,23511,28286,599,926
79708,2024-07-20T15:26:52,23511,28286,599,926
79708,2024-07-20T15:26:53,23511,28286,599,926
99891,2024-07-20T15:26:54,23511,28286,599,926
99891,2024-07-20T15:26:55,23511,28286,599,926
99891,2024-07-20T15:26:56,23511,28286,599,926
124170,2024-07-20T15:26:58,23511,28286,599,926
124170,2024-07-20T15:26:59,23511,28286,599,926
124170,2024-07-20T15:27:00,23511,28287,599,927
141649,2024-07-20T15:27:01,23511,28287,599,927
141649,2024-07-20T15:27:02,23511,28287,599,927
140291,2024-07-20T15:27:03,23511,28287,599,927
140291,2024-07-20T15:27:04,23511,28287,599,927
140291,2024-07-20T15:27:05,23511,28287,599,927
130745,2024-07-20T15:27:06,23511,28287,599,927
130745,2024-07-20T15:27:07,23511,28287,599,927
130745,2024-07-20T15:27:09,23512,28287,600,927
127155,2024-07-20T15:27:10,23512,28287,600,927
127155,2024-07-20T15:27:11,23512,28287,600,927
127155,2024-07-20T15:27:12,23512,28287,600,927
127430,2024-07-20T15:27:13,23512,28287,600,927
127430,2024-07-20T15:27:14,23512,28287,600,927
136133,2024-07-20T15:27:15,23512,28287,600,927
136133,2024-07-20T15:27:16,23512,28287,600,927
136133,2024-07-20T15:27:17,23512,28287,600,927
134689,2024-07-20T15:27:18,23512,28287,600,927
134689,2024-07-20T15:27:19,23512,28287,600,927
134689,2024-07-20T15:27:20,23512,28287,600,927
133460,2024-07-20T15:27:21,23512,28287,600,927
133460,2024-07-20T15:27:23,23512,28287,600,927
133460,2024-07-20T15:27:24,23512,28287,600,927
125256,2024-07-20T15:27:25,23512,28287,600,927
125256,2024-07-20T15:27:26,23512,28287,600,927
125256,2024-07-20T15:27:27,23512,28287,600,927
117394,2024-07-20T15:27:28,23512,28287,600,927
117394,2024-07-20T15:27:29,23512,28287,600,927
121329,2024-07-20T15:27:30,23512,28287,600,927
121329,2024-07-20T15:27:31,23512,28287,600,927
121329,2024-07-20T15:27:32,23512,28287,600,927
134261,2024-07-20T15:27:33,23512,28287,600,927
134261,2024-07-20T15:27:34,23512,28287,600,927
134261,2024-07-20T15:27:35,23512,28287,600,927
135551,2024-07-20T15:27:37,23513,28287,601,927
135551,2024-07-20T15:27:38,23513,28287,601,927
135551,2024-07-20T15:27:39,23513,28287,601,927
129349,2024-07-20T15:27:40,23513,28287,601,927
129349,2024-07-20T15:27:41,23513,28287,601,927
129349,2024-07-20T15:27:42,23513,28287,601,927
119318,2024-07-20T15:27:43,23513,28287,601,927
119318,2024-07-20T15:27:44,23513,28287,601,927
110108,2024-07-20T15:27:46,23513,28287,601,927
110108,2024-07-20T15:27:47,23513,28287,601,927
114139,2024-07-20T15:27:48,23513,28287,601,927
114139,2024-07-20T15:27:49,23513,28287,601,927
114139,2024-07-20T15:27:51,23513,28287,601,927
118527,2024-07-20T15:27:52,23513,28287,601,927
118527,2024-07-20T15:27:53,23513,28287,601,927
118527,2024-07-20T15:27:54,23513,28287,601,927
130051,2024-07-20T15:27:55,23513,28287,601,927
130051,2024-07-20T15:27:56,23513,28287,601,927
130051,2024-07-20T15:27:57,23513,28287,601,927
128450,2024-07-20T15:27:58,23513,28287,601,927
128450,2024-07-20T15:27:59,23513,28287,601,927
113411,2024-07-20T15:28:00,23513,28288,601,928
113411,2024-07-20T15:28:01,23513,28288,601,928
113411,2024-07-20T15:28:02,23513,28288,601,928
100114,2024-07-20T15:28:03,23513,28288,601,928
100114,2024-07-20T15:28:05,23513,28288,601,928
100114,2024-07-20T15:28:06,23513,28288,601,928
95348,2024-07-20T15:28:07,23513,28288,601,928
95348,2024-07-20T15:28:08,23514,28288,602,928
95348,2024-07-20T15:28:09,23514,28288,602,928
98592,2024-07-20T15:28:10,23514,28288,602,928
98592,2024-07-20T15:28:11,23514,28288,602,928
98592,2024-07-20T15:28:12,23514,28288,602,928
107086,2024-07-20T15:28:13,23514,28288,602,928
107086,2024-07-20T15:28:14,23514,28288,602,928
113525,2024-07-20T15:28:15,23514,28288,602,928
113525,2024-07-20T15:28:16,23514,28288,602,928
113525,2024-07-20T15:28:17,23514,28288,602,928
116647,2024-07-20T15:28:18,23514,28288,602,928
116647,2024-07-20T15:28:20,23514,28288,602,928
116647,2024-07-20T15:28:21,23514,28288,602,928
111146,2024-07-20T15:28:22,23514,28288,602,928
111146,2024-07-20T15:28:23,23514,28288,602,928
111146,2024-07-20T15:28:24,23514,28288,602,928
118344,2024-07-20T15:28:25,23514,28288,602,928
118344,2024-07-20T15:28:26,23514,28288,602,928
114566,2024-07-20T15:28:27,23514,28288,602,928
114566,2024-07-20T15:28:28,23514,28288,602,928
114566,2024-07-20T15:28:29,23514,28288,602,928
128760,2024-07-20T15:28:30,23514,28288,602,928
128760,2024-07-20T15:28:31,23514,28288,602,928
128760,2024-07-20T15:28:33,23514,28288,602,928
129143,2024-07-20T15:28:34,23514,28288,602,928
129143,2024-07-20T15:28:35,23514,28288,602,928
129143,2024-07-20T15:28:36,23514,28288,602,928
129180,2024-07-20T15:28:37,23514,28288,602,928
129180,2024-07-20T15:28:38,23514,28288,602,928
129180,2024-07-20T15:28:39,23515,28288,603,928
122141,2024-07-20T15:28:40,23515,28288,603,928
122141,2024-07-20T15:28:41,23515,28288,603,928
113083,2024-07-20T15:28:42,23515,28288,603,928
113083,2024-07-20T15:28:43,23515,28288,603,928
113083,2024-07-20T15:28:44,23515,28288,603,928
111218,2024-07-20T15:28:45,23515,28288,603,928
111218,2024-07-20T15:28:47,23515,28288,603,928
111218,2024-07-20T15:28:48,23515,28288,603,928
96669,2024-07-20T15:28:49,23515,28288,603,928
96669,2024-07-20T15:28:50,23515,28288,603,928
96669,2024-07-20T15:28:51,23515,28288,603,928
101037,2024-07-20T15:28:52,23515,28288,603,928
101037,2024-07-20T15:28:53,23515,28288,603,928
101037,2024-07-20T15:28:54,23515,28288,603,928
100785,2024-07-20T15:28:55,23515,28288,603,928
100785,2024-07-20T15:28:56,23515,28288,603,928
97071,2024-07-20T15:28:57,23515,28288,603,928
97071,2024-07-20T15:28:58,23515,28288,603,928
97071,2024-07-20T15:28:59,23515,28289,603,929
98901,2024-07-20T15:29:01,23515,28289,603,929
98901,2024-07-20T15:29:02,23515,28289,603,929
98901,2024-07-20T15:29:03,23515,28289,603,929
94354,2024-07-20T15:29:04,23515,28289,603,929
94354,2024-07-20T15:29:05,23515,28289,603,929
94354,2024-07-20T15:29:06,23515,28289,603,929
101318,2024-07-20T15:29:07,23515,28289,603,929
101318,2024-07-20T15:29:08,23515,28289,603,929
98781,2024-07-20T15:29:09,23515,28289,603,929
98781,2024-07-20T15:29:10,23515,28289,603,929
98781,2024-07-20T15:29:11,23515,28289,603,929
102249,2024-07-20T15:29:12,23515,28289,603,929
102249,2024-07-20T15:29:14,23516,28289,604,929
102249,2024-07-20T15:29:15,23516,28289,604,929
99434,2024-07-20T15:29:16,23516,28289,604,929
99434,2024-07-20T15:29:17,23516,28289,604,929
99434,2024-07-20T15:29:18,23516,28289,604,929
100302,2024-07-20T15:29:19,23516,28289,604,929
100302,2024-07-20T15:29:20,23516,28289,604,929
100302,2024-07-20T15:29:21,23516,28289,604,929
104428,2024-07-20T15:29:22,23516,28289,604,929
104428,2024-07-20T15:29:23,23516,28289,604,929
110568,2024-07-20T15:29:24,23516,28289,604,929
110568,2024-07-20T15:29:25,23516,28289,604,929
110568,2024-07-20T15:29:27,23516,28289,604,929
131917,2024-07-20T15:29:28,23516,28289,604,929
131917,2024-07-20T15:29:29,23516,28289,604,929
131917,2024-07-20T15:29:30,23516,28289,604,929
137016,2024-07-20T15:29:31,23516,28289,604,929
137016,2024-07-20T15:29:32,23516,28289,604,929
137016,2024-07-20T15:29:33,23516,28289,604,929
120807,2024-07-20T15:29:34,23516,28289,604,929
120807,2024-07-20T15:29:35,23516,28289,604,929
120807,2024-07-20T15:29:36,23516,28289,604,929
117068,2024-07-20T15:29:37,23516,28289,604,929
117068,2024-07-20T15:29:38,23516,28289,604,929
121335,2024-07-20T15:29:39,23516,28289,604,929
121335,2024-07-20T15:29:40,23516,28289,604,929
121335,2024-07-20T15:29:42,23516,28289,604,929
124366,2024-07-20T15:29:43,23516,28289,604,929
124366,2024-07-20T15:29:44,23516,28289,604,929
124366,2024-07-20T15:29:45,23517,28289,605,929
119821,2024-07-20T15:29:46,23517,28289,605,929
119821,2024-07-20T15:29:47,23517,28289,605,929
119821,2024-07-20T15:29:48,23517,28289,605,929
108221,2024-07-20T15:29:49,23517,28289,605,929
108221,2024-07-20T15:29:50,23517,28289,605,929
101550,2024-07-20T15:29:51,23517,28289,605,929
101550,2024-07-20T15:29:53,23517,28289,605,929
101550,2024-07-20T15:29:54,23517,28289,605,929
95175,2024-07-20T15:29:55,23517,28289,605,929
95175,2024-07-20T15:29:56,23517,28289,605,929
95175,2024-07-20T15:29:57,23517,28289,605,929
102939,2024-07-20T15:29:58,23517,28289,605,929
102939,2024-07-20T15:29:59,23517,28289,605,929
102939,2024-07-20T15:30:00,23517,28290,605,930
93519,2024-07-20T15:30:01,23517,28290,605,930
93519,2024-07-20T15:30:02,23517,28290,605,930
102426,2024-07-20T15:30:03,23517,28290,605,930
102426,2024-07-20T15:30:04,23517,28290,605,930
102426,2024-07-20T15:30:05,23517,28290,605,930
100789,2024-07-20T15:30:07,23517,28290,605,930
100789,2024-07-20T15:30:08,23517,28290,605,930
100789,2024-07-20T15:30:09,23517,28290,605,930
102241,2024-07-20T15:30:10,23517,28290,605,930
102241,2024-07-20T15:30:11,23517,28290,605,930
102241,2024-07-20T15:30:12,23517,28290,605,930
99687,2024-07-20T15:30:13,23517,28290,605,930
99687,2024-07-20T15:30:14,23517,28290,605,930
99687,2024-07-20T15:30:15,23517,28290,605,930
88756,2024-07-20T15:30:16,23517,28290,605,930
88756,2024-07-20T15:30:17,23517,28290,605,930
98503,2024-07-20T15:30:18,23517,28290,605,930
98503,2024-07-20T15:30:19,23517,28290,605,930
98503,2024-07-20T15:30:21,23518,28290,606,930
102948,2024-07-20T15:30:22,23518,28290,606,930
102948,2024-07-20T15:30:23,23518,28290,606,930
102948,2024-07-20T15:30:24,23518,28290,606,930
109917,2024-07-20T15:30:25,23518,28290,606,930
109917,2024-07-20T15:30:26,23518,28290,606,930
109917,2024-07-20T15:30:27,23518,28290,606,930
114424,2024-07-20T15:30:28,23518,28290,606,930
114424,2024-07-20T15:30:29,23518,28290,606,930
114424,2024-07-20T15:30:30,23518,28290,606,930
122212,2024-07-20T15:30:31,23518,28290,606,930
122212,2024-07-20T15:30:32,23518,28290,606,930
123363,2024-07-20T15:30:33,23518,28290,606,930
123363,2024-07-20T15:30:35,23518,28290,606,930
123363,2024-07-20T15:30:36,23518,28290,606,930
116450,2024-07-20T15:30:37,23518,28290,606,930
116450,2024-07-20T15:30:38,23518,28290,606,930
116450,2024-07-20T15:30:39,23518,28290,606,930
111546,2024-07-20T15:30:40,23518,28290,606,930
111546,2024-07-20T15:30:41,23518,28290,606,930
111546,2024-07-20T15:30:42,23518,28290,606,930
114510,2024-07-20T15:30:43,23518,28290,606,930
114510,2024-07-20T15:30:44,23518,28290,606,930
116617,2024-07-20T15:30:45,23518,28290,606,930
116617,2024-07-20T15:30:47,23518,28290,606,930
116617,2024-07-20T15:30:48,23518,28290,606,930
123616,2024-07-20T15:30:49,23518,28290,606,930
123616,2024-07-20T15:30:50,23518,28290,606,930
123616,2024-07-20T15:30:51,23518,28290,606,930
119779,2024-07-20T15:30:52,23519,28290,607,930
119779,2024-07-20T15:30:53,23519,28290,607,930
119779,2024-07-20T15:30:54,23519,28290,607,930
99828,2024-07-20T15:30:55,23519,28290,607,930
99828,2024-07-20T15:30:56,23519,28290,607,930
99828,2024-07-20T15:30:57,23519,28290,607,930
87524,2024-07-20T15:30:59,23519,28290,607,930
87524,2024-07-20T15:31:00,23519,28291,607,931
86056,2024-07-20T15:31:01,23519,28291,607,931
86056,2024-07-20T15:31:02,23519,28291,607,931
86056,2024-07-20T15:31:03,23519,28291,607,931
108555,2024-07-20T15:31:04,23519,28291,607,931
108555,2024-07-20T15:31:05,23519,28291,607,931
108555,2024-07-20T15:31:06,23519,28291,607,931
106571,2024-07-20T15:31:07,23519,28291,607,931
106571,2024-07-20T15:31:08,23519,28291,607,931
106571,2024-07-20T15:31:09,23519,28291,607,931
100815,2024-07-20T15:31:12,23519,28291,607,931
96842,2024-07-20T15:31:13,23519,28291,607,931
96842,2024-07-20T15:31:14,23519,28291,607,931
96842,2024-07-20T15:31:15,23519,28291,607,931
87116,2024-07-20T15:31:16,23519,28291,607,931
87116,2024-07-20T15:31:17,23519,28291,607,931
87116,2024-07-20T15:31:18,23519,28291,607,931
90300,2024-07-20T15:31:19,23519,28291,607,931
90300,2024-07-20T15:31:20,23519,28291,607,931
90300,2024-07-20T15:31:21,23519,28291,607,931
95810,2024-07-20T15:31:22,23519,28291,607,931
95810,2024-07-20T15:31:23,23519,28291,607,931
94389,2024-07-20T15:31:25,23519,28291,607,931
94389,2024-07-20T15:31:26,23519,28291,607,931
94389,2024-07-20T15:31:27,23519,28291,607,931
111845,2024-07-20T15:31:28,23519,28291,607,931
111845,2024-07-20T15:31:29,23520,28291,608,931
111845,2024-07-20T15:31:30,23520,28291,608,931
125751,2024-07-20T15:31:31,23520,28291,608,931
125751,2024-07-20T15:31:32,23520,28291,608,931
125751,2024-07-20T15:31:33,23520,28291,608,931
124751,2024-07-20T15:31:34,23520,28291,608,931
124751,2024-07-20T15:31:35,23520,28291,608,931
111532,2024-07-20T15:31:36,23520,28291,608,931
111532,2024-07-20T15:31:37,23520,28291,608,931
111532,2024-07-20T15:31:39,23520,28291,608,931
105452,2024-07-20T15:31:40,23520,28291,608,931
105452,2024-07-20T15:31:41,23520,28291,608,931
105452,2024-07-20T15:31:42,23520,28291,608,931
111587,2024-07-20T15:31:43,23520,28291,608,931
111587,2024-07-20T15:31:44,23520,28291,608,931
111587,2024-07-20T15:31:45,23520,28291,608,931
117681,2024-07-20T15:31:46,23520,28291,608,931
117681,2024-07-20T15:31:47,23520,28291,608,931
117681,2024-07-20T15:31:48,23520,28291,608,931
128952,2024-07-20T15:31:49,23520,28291,608,931
128952,2024-07-20T15:31:50,23520,28291,608,931
124020,2024-07-20T15:31:51,23520,28291,608,931
124020,2024-07-20T15:31:53,23520,28291,608,931
124020,2024-07-20T15:31:54,23520,28291,608,931
114479,2024-07-20T15:31:55,23520,28291,608,931
114479,2024-07-20T15:31:56,23520,28291,608,931
114479,2024-07-20T15:31:57,23520,28291,608,931
96821,2024-07-20T15:31:58,23520,28291,608,931
96821,2024-07-20T15:31:59,23521,28291,609,931
96821,2024-07-20T15:32:00,23521,28292,609,932
95697,2024-07-20T15:32:01,23521,28292,609,932
95697,2024-07-20T15:32:02,23521,28292,609,932
95697,2024-07-20T15:32:03,23521,28292,609,932
88455,2024-07-20T15:32:04,23521,28292,609,932
88455,2024-07-20T15:32:05,23521,28292,609,932
98327,2024-07-20T15:32:06,23521,28292,609,932
98327,2024-07-20T15:32:08,23521,28292,609,932
98327,2024-07-20T15:32:09,23521,28292,609,932
80031,2024-07-20T15:32:10,23521,28292,609,932
80031,2024-07-20T15:32:11,23521,28292,609,932
80031,2024-07-20T15:32:12,23521,28292,609,932
121829,2024-07-20T15:32:13,23521,28292,609,932
121829,2024-07-20T15:32:14,23521,28292,609,932
121829,2024-07-20T15:32:15,23521,28292,609,932
118251,2024-07-20T15:32:16,23521,28292,609,932
118251,2024-07-20T15:32:17,23521,28292,609,932
112412,2024-07-20T15:32:18,23521,28292,609,932
112412,2024-07-20T15:32:20,23521,28292,609,932
112412,2024-07-20T15:32:21,23521,28292,609,932
109840,2024-07-20T15:32:22,23521,28292,609,932
109840,2024-07-20T15:32:23,23521,28292,609,932
109840,2024-07-20T15:32:24,23521,28292,609,932
96852,2024-07-20T15:32:25,23521,28292,609,932
96852,2024-07-20T15:32:26,23521,28292,609,932
96852,2024-07-20T15:32:27,23521,28292,609,932
102546,2024-07-20T15:32:28,23521,28292,609,932
102546,2024-07-20T15:32:29,23521,28292,609,932
102546,2024-07-20T15:32:30,23521,28292,609,932
105992,2024-07-20T15:32:32,23521,28292,609,932
105992,2024-07-20T15:32:33,23521,28292,609,932
105576,2024-07-20T15:32:34,23521,28292,609,932
105576,2024-07-20T15:32:35,23522,28292,609,932
105576,2024-07-20T15:32:36,23522,28292,610,932
107794,2024-07-20T15:32:37,23522,28292,610,932
107794,2024-07-20T15:32:38,23522,28292,610,932
107794,2024-07-20T15:32:39,23522,28292,610,932
104103,2024-07-20T15:32:40,23522,28292,610,932
104103,2024-07-20T15:32:41,23522,28292,610,932
104103,2024-07-20T15:32:42,23522,28292,610,932
109352,2024-07-20T15:32:43,23522,28292,610,932
109352,2024-07-20T15:32:44,23522,28292,610,932
101682,2024-07-20T15:32:46,23522,28292,610,932
101682,2024-07-20T15:32:47,23522,28292,610,932
101682,2024-07-20T15:32:48,23522,28292,610,932
110439,2024-07-20T15:32:49,23522,28292,610,932
110439,2024-07-20T15:32:50,23522,28292,610,932
110439,2024-07-20T15:32:51,23522,28292,610,932
92551,2024-07-20T15:32:52,23522,28292,610,932
92551,2024-07-20T15:32:53,23522,28292,610,932
92551,2024-07-20T15:32:54,23522,28292,610,932
103232,2024-07-20T15:32:55,23522,28292,610,932
103232,2024-07-20T15:32:56,23522,28292,610,932
97941,2024-07-20T15:32:57,23522,28292,610,932
97941,2024-07-20T15:32:59,23522,28292,610,932
97941,2024-07-20T15:33:00,23522,28293,610,933
116967,2024-07-20T15:33:01,23522,28293,610,933
116967,2024-07-20T15:33:02,23522,28293,610,933
116967,2024-07-20T15:33:03,23522,28293,610,933
106104,2024-07-20T15:33:04,23522,28293,610,933
106104,2024-07-20T15:33:05,23522,28293,610,933
106104,2024-07-20T15:33:06,23522,28293,610,933
105301,2024-07-20T15:33:07,23522,28293,610,933
105301,2024-07-20T15:33:08,23522,28293,610,933
105301,2024-07-20T15:33:09,23523,28293,611,933
98981,2024-07-20T15:33:10,23523,28293,611,933
98981,2024-07-20T15:33:12,23523,28293,611,933
119144,2024-07-20T15:33:13,23523,28293,611,933
119144,2024-07-20T15:33:14,23523,28293,611,933
119144,2024-07-20T15:33:15,23523,28293,611,933
112604,2024-07-20T15:33:16,23523,28293,611,933
112604,2024-07-20T15:33:17,23523,28293,611,933
112604,2024-07-20T15:33:18,23523,28293,611,933
109148,2024-07-20T15:33:19,23523,28293,611,933
109148,2024-07-20T15:33:20,23523,28293,611,933
109148,2024-07-20T15:33:21,23523,28293,611,933
106685,2024-07-20T15:33:22,23523,28293,611,933
106685,2024-07-20T15:33:23,23523,28293,611,933
97141,2024-07-20T15:33:25,23523,28293,611,933
97141,2024-07-20T15:33:26,23523,28293,611,933
97141,2024-07-20T15:33:27,23523,28293,611,933
99500,2024-07-20T15:33:28,23523,28293,611,933
99500,2024-07-20T15:33:29,23523,28293,611,933
99500,2024-07-20T15:33:30,23523,28293,611,933
112213,2024-07-20T15:33:31,23523,28293,611,933
112213,2024-07-20T15:33:32,23523,28293,611,933
112213,2024-07-20T15:33:33,23523,28293,611,933
100494,2024-07-20T15:33:34,23523,28293,611,933
100494,2024-07-20T15:33:35,23523,28293,611,933
100494,2024-07-20T15:33:36,23523,28293,611,933
98795,2024-07-20T15:33:37,23523,28293,611,933
98795,2024-07-20T15:33:39,23523,28293,611,933
102313,2024-07-20T15:33:40,23523,28293,611,933
102313,2024-07-20T15:33:41,23523,28293,611,933
102313,2024-07-20T15:33:42,23523,28293,611,933
102202,2024-07-20T15:33:43,23524,28293,612,933
102202,2024-07-20T15:33:44,23524,28293,612,933
102202,2024-07-20T15:33:45,23524,28293,612,933
97184,2024-07-20T15:33:46,23524,28293,612,933
97184,2024-07-20T15:33:47,23524,28293,612,933
97184,2024-07-20T15:33:48,23524,28293,612,933
106442,2024-07-20T15:33:49,23524,28293,612,933
106442,2024-07-20T15:33:50,23524,28293,612,933
92548,2024-07-20T15:33:52,23524,28293,612,933
92548,2024-07-20T15:33:53,23524,28293,612,933
92548,2024-07-20T15:33:54,23524,28293,612,933
107818,2024-07-20T15:33:55,23524,28293,612,933
107818,2024-07-20T15:33:56,23524,28293,612,933
107818,2024-07-20T15:33:57,23524,28293,612,933
107442,2024-07-20T15:33:58,23524,28293,612,933
107442,2024-07-20T15:33:59,23524,28293,612,933
107442,2024-07-20T15:34:00,23524,28294,612,934
114024,2024-07-20T15:34:01,23524,28294,612,934
114024,2024-07-20T15:34:02,23524,28294,612,934
114024,2024-07-20T15:34:03,23524,28294,612,934
91481,2024-07-20T15:34:04,23524,28294,612,934
91481,2024-07-20T15:34:06,23524,28294,612,934
111746,2024-07-20T15:34:07,23524,28294,612,934
111746,2024-07-20T15:34:08,23524,28294,612,934
111746,2024-07-20T15:34:09,23524,28294,612,934
100178,2024-07-20T15:34:10,23524,28294,612,934
100178,2024-07-20T15:34:11,23524,28294,612,934
100178,2024-07-20T15:34:12,23524,28294,612,934
122471,2024-07-20T15:34:13,23524,28294,612,934
122471,2024-07-20T15:34:14,23524,28294,612,934
122471,2024-07-20T15:34:15,23524,28294,612,934
120667,2024-07-20T15:34:16,23525,28294,613,934
120667,2024-07-20T15:34:17,23525,28294,613,934
120667,2024-07-20T15:34:18,23525,28294,613,934
97637,2024-07-20T15:34:20,23525,28294,613,934
97637,2024-07-20T15:34:21,23525,28294,613,934
108396,2024-07-20T15:34:22,23525,28294,613,934
108396,2024-07-20T15:34:23,23525,28294,613,934
108396,2024-07-20T15:34:24,23525,28294,613,934
89674,2024-07-20T15:34:25,23525,28294,613,934
89674,2024-07-20T15:34:26,23525,28294,613,934
89674,2024-07-20T15:34:27,23525,28294,613,934
115777,2024-07-20T15:34:28,23525,28294,613,934
115777,2024-07-20T15:34:29,23525,28294,613,934
115777,2024-07-20T15:34:30,23525,28294,613,934
98458,2024-07-20T15:34:31,23525,28294,613,934
98458,2024-07-20T15:34:32,23525,28294,613,934
98458,2024-07-20T15:34:34,23525,28294,613,934
130724,2024-07-20T15:34:35,23525,28294,613,934
130724,2024-07-20T15:34:36,23525,28294,613,934
127764,2024-07-20T15:34:37,23525,28294,613,934
127764,2024-07-20T15:34:38,23525,28294,613,934
127764,2024-07-20T15:34:39,23525,28294,613,934
118848,2024-07-20T15:34:40,23525,28294,613,934
118848,2024-07-20T15:34:41,23525,28294,613,934
118848,2024-07-20T15:34:42,23525,28294,613,934
104706,2024-07-20T15:34:43,23525,28294,613,934
104706,2024-07-20T15:34:45,23525,28294,613,934
104706,2024-07-20T15:34:46,23525,28294,613,934
83386,2024-07-20T15:34:48,23525,28294,613,934
103117,2024-07-20T15:34:49,23525,28294,613,934
103117,2024-07-20T15:34:50,23525,28294,613,934
103117,2024-07-20T15:34:51,23526,28294,614,934
98890,2024-07-20T15:34:52,23526,28294,614,934
98890,2024-07-20T15:34:53,23526,28294,614,934
98890,2024-07-20T15:34:54,23526,28294,614,934
100647,2024-07-20T15:34:55,23526,28294,614,934
100647,2024-07-20T15:34:56,23526,28294,614,934
100647,2024-07-20T15:34:57,23526,28294,614,934
98859,2024-07-20T15:34:59,23526,28294,614,934
98859,2024-07-20T15:35:00,23526,28295,614,935
98946,2024-07-20T15:35:01,23526,28295,614,935
98946,2024-07-20T15:35:02,23526,28295,614,935
98946,2024-07-20T15:35:03,23526,28295,614,935
90001,2024-07-20T15:35:04,23526,28295,614,935
90001,2024-07-20T15:35:05,23526,28295,614,935
90001,2024-07-20T15:35:06,23526,28295,614,935
100106,2024-07-20T15:35:07,23526,28295,614,935
100106,2024-07-20T15:35:08,23526,28295,614,935
100106,2024-07-20T15:35:09,23526,28295,614,935
117018,2024-07-20T15:35:11,23526,28295,614,935
117018,2024-07-20T15:35:12,23526,28295,614,935
131163,2024-07-20T15:35:13,23526,28295,614,935
131163,2024-07-20T15:35:14,23526,28295,614,935
131163,2024-07-20T15:35:15,23526,28295,614,935
135025,2024-07-20T15:35:16,23526,28295,614,935
135025,2024-07-20T15:35:17,23526,28295,614,935
135025,2024-07-20T15:35:18,23526,28295,614,935
78870,2024-07-20T15:35:19,23526,28295,614,935
78870,2024-07-20T15:35:20,23526,28295,614,935
78870,2024-07-20T15:35:21,23526,28295,614,935
77823,2024-07-20T15:35:23,23526,28295,614,935
77823,2024-07-20T15:35:24,23526,28295,614,935
77924,2024-07-20T15:35:25,23526,28295,614,935
77924,2024-07-20T15:35:26,23526,28295,614,935
77924,2024-07-20T15:35:27,23527,28295,615,935
91924,2024-07-20T15:35:28,23527,28295,615,935
91924,2024-07-20T15:35:29,23527,28295,615,935
91924,2024-07-20T15:35:30,23527,28295,615,935
108585,2024-07-20T15:35:31,23527,28295,615,935
108585,2024-07-20T15:35:32,23527,28295,615,935
108585,2024-07-20T15:35:33,23527,28295,615,935
124336,2024-07-20T15:35:34,23527,28295,615,935
124336,2024-07-20T15:35:35,23527,28295,615,935
124336,2024-07-20T15:35:37,23527,28295,615,935
138355,2024-07-20T15:35:38,23527,28295,615,935
138355,2024-07-20T15:35:39,23527,28295,615,935
142802,2024-07-20T15:35:40,23527,28295,615,935
142802,2024-07-20T15:35:41,23527,28295,615,935
142802,2024-07-20T15:35:42,23527,28295,615,935
120170,2024-07-20T15:35:43,23527,28295,615,935
120170,2024-07-20T15:35:44,23527,28295,615,935
120170,2024-07-20T15:35:45,23527,28295,615,935
84389,2024-07-20T15:35:46,23527,28295,615,935
84389,2024-07-20T15:35:48,23527,28295,615,935
84389,2024-07-20T15:35:49,23527,28295,615,935
83877,2024-07-20T15:35:50,23527,28295,615,935
83877,2024-07-20T15:35:51,23527,28295,615,935
99474,2024-07-20T15:35:52,23527,28295,615,935
99474,2024-07-20T15:35:53,23527,28295,615,935
99474,2024-07-20T15:35:54,23527,28295,615,935
108702,2024-07-20T15:35:55,23527,28295,615,935
108702,2024-07-20T15:35:56,23527,28295,615,935
108702,2024-07-20T15:35:57,23527,28295,615,935
114569,2024-07-20T15:35:58,23527,28295,615,935
114569,2024-07-20T15:35:59,23528,28295,616,935
114569,2024-07-20T15:36:00,23528,28296,616,936
129761,2024-07-20T15:36:02,23528,28296,616,936
129761,2024-07-20T15:36:03,23528,28296,616,936
129761,2024-07-20T15:36:04,23528,28296,616,936
120949,2024-07-20T15:36:05,23528,28296,616,936
120949,2024-07-20T15:36:06,23528,28296,616,936
119277,2024-07-20T15:36:07,23528,28296,616,936
119277,2024-07-20T15:36:08,23528,28296,616,936
119277,2024-07-20T15:36:09,23528,28296,616,936
114780,2024-07-20T15:36:10,23528,28296,616,936
114780,2024-07-20T15:36:11,23528,28296,616,936
114780,2024-07-20T15:36:12,23528,28296,616,936
103973,2024-07-20T15:36:13,23528,28296,616,936
103973,2024-07-20T15:36:15,23528,28296,616,936
103973,2024-07-20T15:36:16,23528,28296,616,936
89864,2024-07-20T15:36:17,23528,28296,616,936
89864,2024-07-20T15:36:18,23528,28296,616,936
91734,2024-07-20T15:36:19,23528,28296,616,936
91734,2024-07-20T15:36:20,23528,28296,616,936
91734,2024-07-20T15:36:21,23528,28296,616,936
86645,2024-07-20T15:36:22,23528,28296,616,936
86645,2024-07-20T15:36:23,23528,28296,616,936
86645,2024-07-20T15:36:24,23528,28296,616,936
91689,2024-07-20T15:36:25,23528,28296,616,936
91689,2024-07-20T15:36:26,23528,28296,616,936
91689,2024-07-20T15:36:28,23528,28296,616,936
103948,2024-07-20T15:36:29,23528,28296,616,936
103948,2024-07-20T15:36:30,23528,28296,616,936
115865,2024-07-20T15:36:31,23528,28296,616,936
115865,2024-07-20T15:36:32,23529,28296,616,936
115865,2024-07-20T15:36:33,23529,28296,617,936
126820,2024-07-20T15:36:34,23529,28296,617,936
126820,2024-07-20T15:36:35,23529,28296,617,936
126820,2024-07-20T15:36:36,23529,28296,617,936
135301,2024-07-20T15:36:37,23529,28296,617,936
135301,2024-07-20T15:36:38,23529,28296,617,936
135301,2024-07-20T15:36:39,23529,28296,617,936
106185,2024-07-20T15:36:41,23529,28296,617,936
106185,2024-07-20T15:36:42,23529,28296,617,936
106185,2024-07-20T15:36:43,23529,28296,617,936
103470,2024-07-20T15:36:44,23529,28296,617,936
103470,2024-07-20T15:36:45,23529,28296,617,936
93441,2024-07-20T15:36:46,23529,28296,617,936
93441,2024-07-20T15:36:47,23529,28296,617,936
93441,2024-07-20T15:36:48,23529,28296,617,936
93102,2024-07-20T15:36:49,23529,28296,617,936
93102,2024-07-20T15:36:50,23529,28296,617,936
93102,2024-07-20T15:36:51,23529,28296,617,936
98409,2024-07-20T15:36:52,23529,28296,617,936
98409,2024-07-20T15:36:54,23529,28296,617,936
98409,2024-07-20T15:36:55,23529,28296,617,936
104331,2024-07-20T15:36:56,23529,28296,617,936
104331,2024-07-20T15:36:57,23529,28296,617,936
114576,2024-07-20T15:36:58,23529,28296,617,936
114576,2024-07-20T15:36:59,23529,28296,617,936
114576,2024-07-20T15:37:00,23529,28297,617,937
118335,2024-07-20T15:37:01,23529,28297,617,937
118335,2024-07-20T15:37:02,23529,28297,617,937
118335,2024-07-20T15:37:03,23529,28297,617,937
119336,2024-07-20T15:37:04,23529,28297,617,937
119336,2024-07-20T15:37:05,23530,28297,618,937
119336,2024-07-20T15:37:06,23530,28297,618,937
123508,2024-07-20T15:37:08,23530,28297,618,937
123508,2024-07-20T15:37:09,23530,28297,618,937
123508,2024-07-20T15:37:10,23530,28297,618,937
95053,2024-07-20T15:37:11,23530,28297,618,937
95053,2024-07-20T15:37:12,23530,28297,618,937
91408,2024-07-20T15:37:13,23530,28297,618,937
91408,2024-07-20T15:37:14,23530,28297,618,937
91408,2024-07-20T15:37:15,23530,28297,618,937
93140,2024-07-20T15:37:16,23530,28297,618,937
93140,2024-07-20T15:37:17,23530,28297,618,937
93140,2024-07-20T15:37:18,23530,28297,618,937
95414,2024-07-20T15:37:19,23530,28297,618,937
95414,2024-07-20T15:37:20,23530,28297,618,937
95414,2024-07-20T15:37:22,23530,28297,618,937
91504,2024-07-20T15:37:23,23530,28297,618,937
91504,2024-07-20T15:37:24,23530,28297,618,937
91504,2024-07-20T15:37:25,23530,28297,618,937
105615,2024-07-20T15:37:26,23530,28297,618,937
105615,2024-07-20T15:37:27,23530,28297,618,937
129604,2024-07-20T15:37:28,23530,28297,618,937
129604,2024-07-20T15:37:29,23530,28297,618,937
129604,2024-07-20T15:37:30,23530,28297,618,937
133744,2024-07-20T15:37:31,23530,28297,618,937
133744,2024-07-20T15:37:32,23530,28297,618,937
133744,2024-07-20T15:37:33,23530,28297,618,937
122852,2024-07-20T15:37:35,23530,28297,618,937
122852,2024-07-20T15:37:36,23530,28297,618,937
122852,2024-07-20T15:37:37,23530,28297,618,937
103374,2024-07-20T15:37:38,23530,28297,618,937
103374,2024-07-20T15:37:39,23531,28297,619,937
103374,2024-07-20T15:37:40,23531,28297,619,937
91337,2024-07-20T15:37:41,23531,28297,619,937
91337,2024-07-20T15:37:42,23531,28297,619,937
87752,2024-07-20T15:37:43,23531,28297,619,937
87752,2024-07-20T15:37:44,23531,28297,619,937
87752,2024-07-20T15:37:45,23531,28297,619,937
92766,2024-07-20T15:37:46,23531,28297,619,937
92766,2024-07-20T15:37:47,23531,28297,619,937
92766,2024-07-20T15:37:49,23531,28297,619,937
97379,2024-07-20T15:37:50,23531,28297,619,937
97379,2024-07-20T15:37:51,23531,28297,619,937
97379,2024-07-20T15:37:52,23531,28297,619,937
107006,2024-07-20T15:37:53,23531,28297,619,937
107006,2024-07-20T15:37:54,23531,28297,619,937
127501,2024-07-20T15:37:55,23531,28297,619,937
127501,2024-07-20T15:37:56,23531,28297,619,937
127501,2024-07-20T15:37:57,23531,28297,619,937
123648,2024-07-20T15:37:58,23531,28297,619,937
123648,2024-07-20T15:37:59,23531,28297,619,937
123648,2024-07-20T15:38:00,23531,28298,619,938
120698,2024-07-20T15:38:01,23531,28298,619,938
120698,2024-07-20T15:38:03,23531,28298,619,938
120698,2024-07-20T15:38:04,23531,28298,619,938
108577,2024-07-20T15:38:05,23531,28298,619,938
108577,2024-07-20T15:38:06,23531,28298,619,938
108577,2024-07-20T15:38:07,23531,28298,619,938
94198,2024-07-20T15:38:08,23531,28298,619,938
94198,2024-07-20T15:38:09,23531,28298,619,938
86825,2024-07-20T15:38:10,23531,28298,619,938
86825,2024-07-20T15:38:11,23531,28298,619,938
86825,2024-07-20T15:38:12,23531,28298,619,938
104638,2024-07-20T15:38:13,23532,28298,620,938
104638,2024-07-20T15:38:14,23532,28298,620,938
104638,2024-07-20T15:38:15,23532,28298,620,938
105541,2024-07-20T15:38:17,23532,28298,620,938
105541,2024-07-20T15:38:18,23532,28298,620,938
105541,2024-07-20T15:38:19,23532,28298,620,938
108498,2024-07-20T15:38:20,23532,28298,620,938
108498,2024-07-20T15:38:21,23532,28298,620,938
119164,2024-07-20T15:38:22,23532,28298,620,938
119164,2024-07-20T15:38:23,23532,28298,620,938
119164,2024-07-20T15:38:24,23532,28298,620,938
122837,2024-07-20T15:38:25,23532,28298,620,938
122837,2024-07-20T15:38:26,23532,28298,620,938
122837,2024-07-20T15:38:28,23532,28298,620,938
117528,2024-07-20T15:38:29,23532,28298,620,938
117528,2024-07-20T15:38:30,23532,28298,620,938
117528,2024-07-20T15:38:31,23532,28298,620,938
107862,2024-07-20T15:38:32,23532,28298,620,938
107862,2024-07-20T15:38:33,23532,28298,620,938
97933,2024-07-20T15:38:34,23532,28298,620,938
97933,2024-07-20T15:38:35,23532,28298,620,938
97933,2024-07-20T15:38:36,23532,28298,620,938
102381,2024-07-20T15:38:37,23532,28298,620,938
102381,2024-07-20T15:38:38,23532,28298,620,938
102381,2024-07-20T15:38:39,23532,28298,620,938
103617,2024-07-20T15:38:40,23532,28298,620,938
103617,2024-07-20T15:38:42,23532,28298,620,938
103617,2024-07-20T15:38:43,23532,28298,620,938
99926,2024-07-20T15:38:44,23532,28298,620,938
99926,2024-07-20T15:38:45,23532,28298,620,938
99926,2024-07-20T15:38:46,23533,28298,621,938
108451,2024-07-20T15:38:47,23533,28298,621,938
108451,2024-07-20T15:38:48,23533,28298,621,938
102765,2024-07-20T15:38:49,23533,28298,621,938
102765,2024-07-20T15:38:50,23533,28298,621,938
102765,2024-07-20T15:38:51,23533,28298,621,938
96180,2024-07-20T15:38:52,23533,28298,621,938
96180,2024-07-20T15:38:53,23533,28298,621,938
96180,2024-07-20T15:38:55,23533,28298,621,938
95166,2024-07-20T15:38:56,23533,28298,621,938
95166,2024-07-20T15:38:57,23533,28298,621,938
95166,2024-07-20T15:38:58,23533,28298,621,938
105875,2024-07-20T15:38:59,23533,28298,621,938
105875,2024-07-20T15:39:00,23533,28299,621,939
108560,2024-07-20T15:39:01,23533,28299,621,939
108560,2024-07-20T15:39:02,23533,28299,621,939
108560,2024-07-20T15:39:03,23533,28299,621,939
105658,2024-07-20T15:39:04,23533,28299,621,939
105658,2024-07-20T15:39:05,23533,28299,621,939
105658,2024-07-20T15:39:06,23533,28299,621,939
109700,2024-07-20T15:39:08,23533,28299,621,939
109700,2024-07-20T15:39:09,23533,28299,621,939
109700,2024-07-20T15:39:10,23533,28299,621,939
109569,2024-07-20T15:39:11,23533,28299,621,939
109569,2024-07-20T15:39:12,23533,28299,621,939
109569,2024-07-20T15:39:13,23533,28299,621,939
104282,2024-07-20T15:39:14,23533,28299,621,939
104282,2024-07-20T15:39:15,23533,28299,621,939
94782,2024-07-20T15:39:16,23533,28299,621,939
94782,2024-07-20T15:39:17,23533,28299,621,939
94782,2024-07-20T15:39:18,23533,28299,621,939
100505,2024-07-20T15:39:19,23533,28299,621,939
100505,2024-07-20T15:39:20,23534,28299,622,939
100505,2024-07-20T15:39:22,23534,28299,622,939
101565,2024-07-20T15:39:23,23534,28299,622,939
101565,2024-07-20T15:39:24,23534,28299,622,939
101565,2024-07-20T15:39:25,23534,28299,622,939
108999,2024-07-20T15:39:26,23534,28299,622,939
108999,2024-07-20T15:39:27,23534,28299,622,939
115021,2024-07-20T15:39:28,23534,28299,622,939
115021,2024-07-20T15:39:29,23534,28299,622,939
115021,2024-07-20T15:39:30,23534,28299,622,939
106362,2024-07-20T15:39:31,23534,28299,622,939
106362,2024-07-20T15:39:32,23534,28299,622,939
106362,2024-07-20T15:39:33,23534,28299,622,939
108359,2024-07-20T15:39:34,23534,28299,622,939
108359,2024-07-20T15:39:36,23534,28299,622,939
108359,2024-07-20T15:39:37,23534,28299,622,939
102907,2024-07-20T15:39:38,23534,28299,622,939
102907,2024-07-20T15:39:39,23534,28299,622,939
102907,2024-07-20T15:39:40,23534,28299,622,939
107669,2024-07-20T15:39:41,23534,28299,622,939
107669,2024-07-20T15:39:42,23534,28299,622,939
108901,2024-07-20T15:39:43,23534,28299,622,939
108901,2024-07-20T15:39:44,23534,28299,622,939
108901,2024-07-20T15:39:45,23534,28299,622,939
107774,2024-07-20T15:39:46,23534,28299,622,939
107774,2024-07-20T15:39:47,23534,28299,622,939
107774,2024-07-20T15:39:49,23534,28299,622,939
104581,2024-07-20T15:39:50,23534,28299,622,939
104581,2024-07-20T15:39:51,23534,28299,622,939
104581,2024-07-20T15:39:52,23534,28299,622,939
106315,2024-07-20T15:39:53,23534,28299,622,939
106315,2024-07-20T15:39:54,23534,28299,622,939
106315,2024-07-20T15:39:55,23535,28299,623,939
108506,2024-07-20T15:39:56,23535,28299,623,939
108506,2024-07-20T15:39:57,23535,28299,623,939
102252,2024-07-20T15:39:58,23535,28299,623,939
102252,2024-07-20T15:39:59,23535,28299,623,939
102252,2024-07-20T15:40:00,23535,28300,623,940
106400,2024-07-20T15:40:02,23535,28300,623,940
106400,2024-07-20T15:40:03,23535,28300,623,940
106400,2024-07-20T15:40:04,23535,28300,623,940
109952,2024-07-20T15:40:05,23535,28300,623,940
109952,2024-07-20T15:40:06,23535,28300,623,940
109952,2024-07-20T15:40:07,23535,28300,623,940
112515,2024-07-20T15:40:08,23535,28300,623,940
112515,2024-07-20T15:40:09,23535,28300,623,940
109271,2024-07-20T15:40:10,23535,28300,623,940
109271,2024-07-20T15:40:11,23535,28300,623,940
109271,2024-07-20T15:40:12,23535,28300,623,940
106450,2024-07-20T15:40:13,23535,28300,623,940
106450,2024-07-20T15:40:14,23535,28300,623,940
106450,2024-07-20T15:40:16,23535,28300,623,940
113168,2024-07-20T15:40:17,23535,28300,623,940
113168,2024-07-20T15:40:18,23535,28300,623,940
113168,2024-07-20T15:40:19,23535,28300,623,940
108550,2024-07-20T15:40:20,23535,28300,623,940
108550,2024-07-20T15:40:21,23535,28300,623,940
108550,2024-07-20T15:40:22,23535,28300,623,940
94398,2024-07-20T15:40:23,23535,28300,623,940
94398,2024-07-20T15:40:24,23535,28300,623,940
104000,2024-07-20T15:40:25,23535,28300,623,940
104000,2024-07-20T15:40:26,23535,28300,623,940
104000,2024-07-20T15:40:27,23536,28300,624,940
119387,2024-07-20T15:40:29,23536,28300,624,940
119387,2024-07-20T15:40:30,23536,28300,624,940
119387,2024-07-20T15:40:31,23536,28300,624,940
117194,2024-07-20T15:40:32,23536,28300,624,940
117194,2024-07-20T15:40:33,23536,28300,624,940
117194,2024-07-20T15:40:34,23536,28300,624,940
111378,2024-07-20T15:40:35,23536,28300,624,940
111378,2024-07-20T15:40:36,23536,28300,624,940
107131,2024-07-20T15:40:37,23536,28300,624,940
107131,2024-07-20T15:40:38,23536,28300,624,940
107131,2024-07-20T15:40:39,23536,28300,624,940
113314,2024-07-20T15:40:40,23536,28300,624,940
113314,2024-07-20T15:40:42,23536,28300,624,940
113314,2024-07-20T15:40:43,23536,28300,624,940
107303,2024-07-20T15:40:44,23536,28300,624,940
107303,2024-07-20T15:40:45,23536,28300,624,940
107303,2024-07-20T15:40:46,23536,28300,624,940
111297,2024-07-20T15:40:47,23536,28300,624,940
111297,2024-07-20T15:40:48,23536,28300,624,940
108132,2024-07-20T15:40:49,23536,28300,624,940
108132,2024-07-20T15:40:50,23536,28300,624,940
108132,2024-07-20T15:40:51,23536,28300,624,940
106521,2024-07-20T15:40:52,23536,28300,624,940
106521,2024-07-20T15:40:53,23536,28300,624,940
106521,2024-07-20T15:40:54,23536,28300,624,940
112601,2024-07-20T15:40:56,23536,28300,624,940
112601,2024-07-20T15:40:57,23536,28300,624,940
112601,2024-07-20T15:40:58,23536,28300,624,940
113246,2024-07-20T15:40:59,23536,28300,624,940
113246,2024-07-20T15:41:00,23537,28301,625,941
113246,2024-07-20T15:41:01,23537,28301,625,941
112373,2024-07-20T15:41:02,23537,28301,625,941
112373,2024-07-20T15:41:03,23537,28301,625,941
101256,2024-07-20T15:41:04,23537,28301,625,941
101256,2024-07-20T15:41:05,23537,28301,625,941
101256,2024-07-20T15:41:06,23537,28301,625,941
121130,2024-07-20T15:41:07,23537,28301,625,941
121130,2024-07-20T15:41:09,23537,28301,625,941
121130,2024-07-20T15:41:10,23537,28301,625,941
124975,2024-07-20T15:41:11,23537,28301,625,941
124975,2024-07-20T15:41:12,23537,28301,625,941
124975,2024-07-20T15:41:13,23537,28301,625,941
102317,2024-07-20T15:41:14,23537,28301,625,941
102317,2024-07-20T15:41:15,23537,28301,625,941
104181,2024-07-20T15:41:16,23537,28301,625,941
104181,2024-07-20T15:41:17,23537,28301,625,941
104181,2024-07-20T15:41:18,23537,28301,625,941
110753,2024-07-20T15:41:19,23537,28301,625,941
110753,2024-07-20T15:41:20,23537,28301,625,941
110753,2024-07-20T15:41:21,23537,28301,625,941
114319,2024-07-20T15:41:23,23537,28301,625,941
114319,2024-07-20T15:41:24,23537,28301,625,941
114319,2024-07-20T15:41:25,23537,28301,625,941
115639,2024-07-20T15:41:26,23537,28301,625,941
115639,2024-07-20T15:41:27,23537,28301,625,941
106302,2024-07-20T15:41:28,23537,28301,625,941
106302,2024-07-20T15:41:29,23537,28301,625,941
106302,2024-07-20T15:41:30,23537,28301,625,941
107410,2024-07-20T15:41:31,23537,28301,625,941
107410,2024-07-20T15:41:32,23537,28301,625,941
107410,2024-07-20T15:41:33,23538,28301,626,941
115192,2024-07-20T15:41:35,23538,28301,626,941
115192,2024-07-20T15:41:36,23538,28301,626,941
115192,2024-07-20T15:41:37,23538,28301,626,941
110580,2024-07-20T15:41:38,23538,28301,626,941
110580,2024-07-20T15:41:39,23538,28301,626,941
109075,2024-07-20T15:41:40,23538,28301,626,941
109075,2024-07-20T15:41:41,23538,28301,626,941
109075,2024-07-20T15:41:42,23538,28301,626,941
107814,2024-07-20T15:41:43,23538,28301,626,941
107814,2024-07-20T15:41:44,23538,28301,626,941
107814,2024-07-20T15:41:45,23538,28301,626,941
106135,2024-07-20T15:41:47,23538,28301,626,941
106135,2024-07-20T15:41:48,23538,28301,626,941
106135,2024-07-20T15:41:49,23538,28301,626,941
102357,2024-07-20T15:41:50,23538,28301,626,941
102357,2024-07-20T15:41:51,23538,28301,626,941
102357,2024-07-20T15:41:52,23538,28301,626,941
107301,2024-07-20T15:41:53,23538,28301,626,941
107301,2024-07-20T15:41:54,23538,28301,626,941
113518,2024-07-20T15:41:55,23538,28301,626,941
113518,2024-07-20T15:41:56,23538,28301,626,941
113518,2024-07-20T15:41:57,23538,28301,626,941
110874,2024-07-20T15:41:58,23538,28301,626,941
110874,2024-07-20T15:42:00,23538,28302,626,942
110874,2024-07-20T15:42:01,23538,28302,626,942
105179,2024-07-20T15:42:02,23538,28302,626,942
105179,2024-07-20T15:42:03,23538,28302,626,942
105179,2024-07-20T15:42:04,23538,28302,626,942
110914,2024-07-20T15:42:05,23538,28302,626,942
110914,2024-07-20T15:42:06,23538,28302,626,942
107665,2024-07-20T15:42:07,23539,28302,627,942
107665,2024-07-20T15:42:08,23539,28302,627,942
107665,2024-07-20T15:42:09,23539,28302,627,942
110155,2024-07-20T15:42:10,23539,28302,627,942
110155,2024-07-20T15:42:11,23539,28302,627,942
110155,2024-07-20T15:42:13,23539,28302,627,942
110584,2024-07-20T15:42:14,23539,28302,627,942
110584,2024-07-20T15:42:15,23539,28302,627,942
110584,2024-07-20T15:42:16,23539,28302,627,942
104970,2024-07-20T15:42:17,23539,28302,627,942
104970,2024-07-20T15:42:18,23539,28302,627,942
104970,2024-07-20T15:42:19,23539,28302,627,942
112750,2024-07-20T15:42:20,23539,28302,627,942
112750,2024-07-20T15:42:21,23539,28302,627,942
103791,2024-07-20T15:42:22,23539,28302,627,942
103791,2024-07-20T15:42:23,23539,28302,627,942
103791,2024-07-20T15:42:25,23539,28302,627,942
104845,2024-07-20T15:42:26,23539,28302,627,942
104845,2024-07-20T15:42:27,23539,28302,627,942
104845,2024-07-20T15:42:28,23539,28302,627,942
104664,2024-07-20T15:42:29,23539,28302,627,942
104664,2024-07-20T15:42:30,23539,28302,627,942
104664,2024-07-20T15:42:31,23539,28302,627,942
111579,2024-07-20T15:42:32,23539,28302,627,942
111579,2024-07-20T15:42:33,23539,28302,627,942
115751,2024-07-20T15:42:34,23539,28302,627,942
115751,2024-07-20T15:42:35,23539,28302,627,942
115751,2024-07-20T15:42:36,23539,28302,627,942
114638,2024-07-20T15:42:38,23539,28302,627,942
114638,2024-07-20T15:42:39,23539,28302,627,942
114638,2024-07-20T15:42:40,23540,28302,628,942
103416,2024-07-20T15:42:41,23540,28302,628,942
103416,2024-07-20T15:42:42,23540,28302,628,942
103416,2024-07-20T15:42:43,23540,28302,628,942
95558,2024-07-20T15:42:44,23540,28302,628,942
95558,2024-07-20T15:42:45,23540,28302,628,942
95558,2024-07-20T15:42:46,23540,28302,628,942
100803,2024-07-20T15:42:47,23540,28302,628,942
100803,2024-07-20T15:42:48,23540,28302,628,942
118207,2024-07-20T15:42:49,23540,28302,628,942
118207,2024-07-20T15:42:51,23540,28302,628,942
118207,2024-07-20T15:42:52,23540,28302,628,942
112052,2024-07-20T15:42:53,23540,28302,628,942
112052,2024-07-20T15:42:54,23540,28302,628,942
112052,2024-07-20T15:42:55,23540,28302,628,942
96900,2024-07-20T15:42:56,23540,28302,628,942
96900,2024-07-20T15:42:57,23540,28302,628,942
96900,2024-07-20T15:42:58,23540,28302,628,942
93647,2024-07-20T15:42:59,23540,28302,628,942
93647,2024-07-20T15:43:00,23540,28303,628,943
105422,2024-07-20T15:43:01,23540,28303,628,943
105422,2024-07-20T15:43:02,23540,28303,628,943
105422,2024-07-20T15:43:03,23540,28303,628,943
111933,2024-07-20T15:43:05,23540,28303,628,943
111933,2024-07-20T15:43:06,23540,28303,628,943
111933,2024-07-20T15:43:07,23540,28303,628,943
108150,2024-07-20T15:43:08,23540,28303,628,943
108150,2024-07-20T15:43:09,23540,28303,628,943
108150,2024-07-20T15:43:10,23540,28303,628,943
129642,2024-07-20T15:43:11,23540,28303,628,943
129642,2024-07-20T15:43:12,23540,28303,628,943
129642,2024-07-20T15:43:13,23541,28303,629,943
118450,2024-07-20T15:43:14,23541,28303,629,943
118450,2024-07-20T15:43:15,23541,28303,629,943
108884,2024-07-20T15:43:17,23541,28303,629,943
108884,2024-07-20T15:43:18,23541,28303,629,943
108884,2024-07-20T15:43:19,23541,28303,629,943
97331,2024-07-20T15:43:20,23541,28303,629,943
97331,2024-07-20T15:43:21,23541,28303,629,943
97331,2024-07-20T15:43:22,23541,28303,629,943
95814,2024-07-20T15:43:23,23541,28303,629,943
95814,2024-07-20T15:43:24,23541,28303,629,943
95814,2024-07-20T15:43:25,23541,28303,629,943
109042,2024-07-20T15:43:26,23541,28303,629,943
109042,2024-07-20T15:43:27,23541,28303,629,943
118860,2024-07-20T15:43:28,23541,28303,629,943
118860,2024-07-20T15:43:29,23541,28303,629,943
118860,2024-07-20T15:43:31,23541,28303,629,943
125002,2024-07-20T15:43:32,23541,28303,629,943
125002,2024-07-20T15:43:33,23541,28303,629,943
125002,2024-07-20T15:43:34,23541,28303,629,943
108398,2024-07-20T15:43:35,23541,28303,629,943
108398,2024-07-20T15:43:36,23541,28303,629,943
108398,2024-07-20T15:43:37,23541,28303,629,943
106941,2024-07-20T15:43:38,23541,28303,629,943
106941,2024-07-20T15:43:39,23541,28303,629,943
106941,2024-07-20T15:43:40,23541,28303,629,943
97923,2024-07-20T15:43:41,23541,28303,629,943
97923,2024-07-20T15:43:42,23541,28303,629,943
96283,2024-07-20T15:43:44,23541,28303,629,943
96283,2024-07-20T15:43:45,23541,28303,629,943
96283,2024-07-20T15:43:46,23541,28303,629,943
92740,2024-07-20T15:43:47,23542,28303,630,943
92740,2024-07-20T15:43:48,23542,28303,630,943
92740,2024-07-20T15:43:49,23542,28303,630,943
82878,2024-07-20T15:43:50,23542,28303,630,943
82878,2024-07-20T15:43:51,23542,28303,630,943
82878,2024-07-20T15:43:52,23542,28303,630,943
86293,2024-07-20T15:43:53,23542,28303,630,943
86293,2024-07-20T15:43:54,23542,28303,630,943
91467,2024-07-20T15:43:56,23542,28303,630,943
91467,2024-07-20T15:43:57,23542,28303,630,943
91467,2024-07-20T15:43:58,23542,28303,630,943
96031,2024-07-20T15:43:59,23542,28303,630,943
96031,2024-07-20T15:44:00,23542,28304,630,944
96031,2024-07-20T15:44:01,23542,28304,630,944
124659,2024-07-20T15:44:02,23542,28304,630,944
124659,2024-07-20T15:44:03,23542,28304,630,944
124659,2024-07-20T15:44:04,23542,28304,630,944
136844,2024-07-20T15:44:05,23542,28304,630,944
136844,2024-07-20T15:44:06,23542,28304,630,944
124696,2024-07-20T15:44:07,23542,28304,630,944
124696,2024-07-20T15:44:09,23542,28304,630,944
124696,2024-07-20T15:44:10,23542,28304,630,944
97995,2024-07-20T15:44:11,23542,28304,630,944
97995,2024-07-20T15:44:12,23542,28304,630,944
97995,2024-07-20T15:44:13,23542,28304,630,944
85737,2024-07-20T15:44:14,23542,28304,630,944
85737,2024-07-20T15:44:15,23542,28304,630,944
85737,2024-07-20T15:44:16,23542,28304,630,944
81750,2024-07-20T15:44:17,23542,28304,630,944
81750,2024-07-20T15:44:18,23542,28304,630,944
81750,2024-07-20T15:44:19,23542,28304,630,944
81740,2024-07-20T15:44:20,23542,28304,630,944
81740,2024-07-20T15:44:22,23542,28304,630,944
100372,2024-07-20T15:44:23,23543,28304,631,944
100372,2024-07-20T15:44:24,23543,28304,631,944
100372,2024-07-20T15:44:25,23543,28304,631,944
105747,2024-07-20T15:44:26,23543,28304,631,944
105747,2024-07-20T15:44:27,23543,28304,631,944
105747,2024-07-20T15:44:28,23543,28304,631,944
122978,2024-07-20T15:44:29,23543,28304,631,944
122978,2024-07-20T15:44:30,23543,28304,631,944
122978,2024-07-20T15:44:31,23543,28304,631,944
131741,2024-07-20T15:44:32,23543,28304,631,944
131741,2024-07-20T15:44:33,23543,28304,631,944
130627,2024-07-20T15:44:35,23543,28304,631,944
130627,2024-07-20T15:44:36,23543,28304,631,944
130627,2024-07-20T15:44:37,23543,28304,631,944
120501,2024-07-20T15:44:38,23543,28304,631,944
120501,2024-07-20T15:44:39,23543,28304,631,944
120501,2024-07-20T15:44:40,23543,28304,631,944
100556,2024-07-20T15:44:41,23543,28304,631,944
100556,2024-07-20T15:44:42,23543,28304,631,944
100556,2024-07-20T15:44:43,23543,28304,631,944
82186,2024-07-20T15:44:44,23543,28304,631,944
82186,2024-07-20T15:44:45,23543,28304,631,944
82186,2024-07-20T15:44:46,23543,28304,631,944
91579,2024-07-20T15:44:48,23543,28304,631,944
91579,2024-07-20T15:44:49,23543,28304,631,944
96123,2024-07-20T15:44:50,23543,28304,631,944
96123,2024-07-20T15:44:51,23543,28304,631,944
96123,2024-07-20T15:44:52,23543,28304,631,944
100423,2024-07-20T15:44:53,23543,28304,631,944
100423,2024-07-20T15:44:54,23543,28304,631,944
100423,2024-07-20T15:44:55,23543,28304,631,944
121346,2024-07-20T15:44:56,23544,28304,632,944
121346,2024-07-20T15:44:57,23544,28304,632,944
121346,2024-07-20T15:44:58,23544,28304,632,944
128203,2024-07-20T15:44:59,23544,28304,632,944
128203,2024-07-20T15:45:00,23544,28305,632,945
133186,2024-07-20T15:45:02,23544,28305,632,945
133186,2024-07-20T15:45:03,23544,28305,632,945
133186,2024-07-20T15:45:04,23544,28305,632,945
118892,2024-07-20T15:45:05,23544,28305,632,945
118892,2024-07-20T15:45:06,23544,28305,632,945
118892,2024-07-20T15:45:07,23544,28305,632,945
111583,2024-07-20T15:45:08,23544,28305,632,945
111583,2024-07-20T15:45:09,23544,28305,632,945
111583,2024-07-20T15:45:10,23544,28305,632,945
88709,2024-07-20T15:45:11,23544,28305,632,945
88709,2024-07-20T15:45:12,23544,28305,632,945
88709,2024-07-20T15:45:13,23544,28305,632,945
86411,2024-07-20T15:45:15,23544,28305,632,945
86411,2024-07-20T15:45:16,23544,28305,632,945
88538,2024-07-20T15:45:17,23544,28305,632,945
88538,2024-07-20T15:45:18,23544,28305,632,945
88538,2024-07-20T15:45:19,23544,28305,632,945
100125,2024-07-20T15:45:20,23544,28305,632,945
100125,2024-07-20T15:45:21,23544,28305,632,945
100125,2024-07-20T15:45:22,23544,28305,632,945
107957,2024-07-20T15:45:23,23544,28305,632,945
107957,2024-07-20T15:45:24,23544,28305,632,945
107957,2024-07-20T15:45:25,23544,28305,632,945
119332,2024-07-20T15:45:26,23544,28305,632,945
119332,2024-07-20T15:45:28,23544,28305,632,945
126658,2024-07-20T15:45:29,23545,28305,633,945
126658,2024-07-20T15:45:30,23545,28305,633,945
126658,2024-07-20T15:45:31,23545,28305,633,945
127444,2024-07-20T15:45:32,23545,28305,633,945
127444,2024-07-20T15:45:33,23545,28305,633,945
127444,2024-07-20T15:45:34,23545,28305,633,945
125724,2024-07-20T15:45:35,23545,28305,633,945
125724,2024-07-20T15:45:36,23545,28305,633,945
125724,2024-07-20T15:45:37,23545,28305,633,945
105159,2024-07-20T15:45:38,23545,28305,633,945
105159,2024-07-20T15:45:39,23545,28305,633,945
105159,2024-07-20T15:45:40,23545,28305,633,945
94649,2024-07-20T15:45:41,23545,28305,633,945
94649,2024-07-20T15:45:43,23545,28305,633,945
91606,2024-07-20T15:45:44,23545,28305,633,945
91606,2024-07-20T15:45:45,23545,28305,633,945
91606,2024-07-20T15:45:46,23545,28305,633,945
86187,2024-07-20T15:45:47,23545,28305,633,945
86187,2024-07-20T15:45:48,23545,28305,633,945
86187,2024-07-20T15:45:49,23545,28305,633,945
93898,2024-07-20T15:45:50,23545,28305,633,945
93898,2024-07-20T15:45:51,23545,28305,633,945
93898,2024-07-20T15:45:52,23545,28305,633,945
105832,2024-07-20T15:45:53,23545,28305,633,945
105832,2024-07-20T15:45:54,23545,28305,633,945
105832,2024-07-20T15:45:56,23545,28305,633,945
128273,2024-07-20T15:45:57,23545,28305,633,945
128273,2024-07-20T15:45:58,23545,28305,633,945
123882,2024-07-20T15:45:59,23545,28305,633,945
123882,2024-07-20T15:46:00,23545,28306,633,946
123882,2024-07-20T15:46:01,23545,28306,633,946
120496,2024-07-20T15:46:02,23546,28306,634,946
120496,2024-07-20T15:46:03,23546,28306,634,946
120496,2024-07-20T15:46:04,23546,28306,634,946
97721,2024-07-20T15:46:05,23546,28306,634,946
97721,2024-07-20T15:46:06,23546,28306,634,946
97721,2024-07-20T15:46:07,23546,28306,634,946
89494,2024-07-20T15:46:08,23546,28306,634,946
89494,2024-07-20T15:46:10,23546,28306,634,946
89494,2024-07-20T15:46:11,23546,28306,634,946
88285,2024-07-20T15:46:12,23546,28306,634,946
88285,2024-07-20T15:46:13,23546,28306,634,946
88112,2024-07-20T15:46:14,23546,28306,634,946
88112,2024-07-20T15:46:15,23546,28306,634,946
88112,2024-07-20T15:46:16,23546,28306,634,946
96601,2024-07-20T15:46:17,23546,28306,634,946
96601,2024-07-20T15:46:18,23546,28306,634,946
96601,2024-07-20T15:46:19,23546,28306,634,946
109268,2024-07-20T15:46:20,23546,28306,634,946
109268,2024-07-20T15:46:21,23546,28306,634,946
109268,2024-07-20T15:46:23,23546,28306,634,946
119282,2024-07-20T15:46:24,23546,28306,634,946
119282,2024-07-20T15:46:25,23546,28306,634,946
128351,2024-07-20T15:46:26,23546,28306,634,946
128351,2024-07-20T15:46:27,23546,28306,634,946
128351,2024-07-20T15:46:28,23546,28306,634,946
132420,2024-07-20T15:46:29,23546,28306,634,946
132420,2024-07-20T15:46:30,23546,28306,634,946
132420,2024-07-20T15:46:31,23546,28306,634,946
110939,2024-07-20T15:46:32,23546,28306,634,946
110939,2024-07-20T15:46:33,23546,28306,634,946
110939,2024-07-20T15:46:34,23546,28306,634,946
88786,2024-07-20T15:46:35,23547,28306,635,946
88786,2024-07-20T15:46:37,23547,28306,635,946
88786,2024-07-20T15:46:38,23547,28306,635,946
92853,2024-07-20T15:46:39,23547,28306,635,946
92853,2024-07-20T15:46:40,23547,28306,635,946
92182,2024-07-20T15:46:41,23547,28306,635,946
92182,2024-07-20T15:46:42,23547,28306,635,946
92182,2024-07-20T15:46:43,23547,28306,635,946
95133,2024-07-20T15:46:44,23547,28306,635,946
95133,2024-07-20T15:46:45,23547,28306,635,946
95133,2024-07-20T15:46:46,23547,28306,635,946
103754,2024-07-20T15:46:47,23547,28306,635,946
103754,2024-07-20T15:46:48,23547,28306,635,946
103754,2024-07-20T15:46:50,23547,28306,635,946
119213,2024-07-20T15:46:51,23547,28306,635,946
119213,2024-07-20T15:46:52,23547,28306,635,946
129519,2024-07-20T15:46:53,23547,28306,635,946
129519,2024-07-20T15:46:54,23547,28306,635,946
129519,2024-07-20T15:46:55,23547,28306,635,946
114572,2024-07-20T15:46:56,23547,28306,635,946
114572,2024-07-20T15:46:57,23547,28306,635,946
114572,2024-07-20T15:46:58,23547,28306,635,946
109102,2024-07-20T15:46:59,23547,28306,635,946
109102,2024-07-20T15:47:00,23547,28307,635,947
109102,2024-07-20T15:47:01,23547,28307,635,947
101055,2024-07-20T15:47:02,23547,28307,635,947
101055,2024-07-20T15:47:04,23547,28307,635,947
101055,2024-07-20T15:47:05,23547,28307,635,947
90592,2024-07-20T15:47:06,23547,28307,635,947
90592,2024-07-20T15:47:07,23547,28307,635,947
82824,2024-07-20T15:47:08,23547,28307,635,947
82824,2024-07-20T15:47:09,23547,28307,635,947
82824,2024-07-20T15:47:10,23547,28307,635,947
84039,2024-07-20T15:47:11,23548,28307,636,947
84039,2024-07-20T15:47:12,23548,28307,636,947
84039,2024-07-20T15:47:13,23548,28307,636,947
99443,2024-07-20T15:47:14,23548,28307,636,947
99443,2024-07-20T15:47:15,23548,28307,636,947
99443,2024-07-20T15:47:17,23548,28307,636,947
114970,2024-07-20T15:47:18,23548,28307,636,947
114970,2024-07-20T15:47:19,23548,28307,636,947
114970,2024-07-20T15:47:20,23548,28307,636,947
127696,2024-07-20T15:47:21,23548,28307,636,947
127696,2024-07-20T15:47:22,23548,28307,636,947
130457,2024-07-20T15:47:23,23548,28307,636,947
130457,2024-07-20T15:47:24,23548,28307,636,947
130457,2024-07-20T15:47:25,23548,28307,636,947
121559,2024-07-20T15:47:26,23548,28307,636,947
121559,2024-07-20T15:47:27,23548,28307,636,947
121559,2024-07-20T15:47:28,23548,28307,636,947
104030,2024-07-20T15:47:29,23548,28307,636,947
104030,2024-07-20T15:47:31,23548,28307,636,947
104030,2024-07-20T15:47:32,23548,28307,636,947
90680,2024-07-20T15:47:33,23548,28307,636,947
90680,2024-07-20T15:47:34,23548,28307,636,947
85246,2024-07-20T15:47:35,23548,28307,636,947
85246,2024-07-20T15:47:36,23548,28307,636,947
85246,2024-07-20T15:47:37,23548,28307,636,947
88062,2024-07-20T15:47:38,23548,28307,636,947
88062,2024-07-20T15:47:39,23548,28307,636,947
88062,2024-07-20T15:47:40,23548,28307,636,947
95587,2024-07-20T15:47:41,23548,28307,636,947
95587,2024-07-20T15:47:42,23548,28307,636,947
95587,2024-07-20T15:47:44,23548,28307,636,947
109231,2024-07-20T15:47:45,23548,28307,636,947
109231,2024-07-20T15:47:46,23549,28307,637,947
109231,2024-07-20T15:47:47,23549,28307,637,947
120763,2024-07-20T15:47:48,23549,28307,637,947
120763,2024-07-20T15:47:49,23549,28307,637,947
133161,2024-07-20T15:47:50,23549,28307,637,947
133161,2024-07-20T15:47:51,23549,28307,637,947
133161,2024-07-20T15:47:52,23549,28307,637,947
134121,2024-07-20T15:47:53,23549,28307,637,947
134121,2024-07-20T15:47:54,23549,28307,637,947
134121,2024-07-20T15:47:55,23549,28307,637,947
124473,2024-07-20T15:47:57,23549,28307,637,947
124473,2024-07-20T15:47:58,23549,28307,637,947
124473,2024-07-20T15:47:59,23549,28307,637,947
109143,2024-07-20T15:48:00,23549,28308,637,948
109143,2024-07-20T15:48:01,23549,28308,637,948
116691,2024-07-20T15:48:02,23549,28308,637,948
116691,2024-07-20T15:48:03,23549,28308,637,948
116691,2024-07-20T15:48:04,23549,28308,637,948
130513,2024-07-20T15:48:05,23549,28308,637,948
130513,2024-07-20T15:48:06,23549,28308,637,948
130513,2024-07-20T15:48:07,23549,28308,637,948
135879,2024-07-20T15:48:08,23549,28308,637,948
135879,2024-07-20T15:48:09,23549,28308,637,948
135879,2024-07-20T15:48:11,23549,28308,637,948
131181,2024-07-20T15:48:12,23549,28308,637,948
131181,2024-07-20T15:48:13,23549,28308,637,948
131181,2024-07-20T15:48:14,23550,28308,638,948
121814,2024-07-20T15:48:15,23550,28308,638,948
121814,2024-07-20T15:48:16,23550,28308,638,948
101796,2024-07-20T15:48:17,23550,28308,638,948
101796,2024-07-20T15:48:18,23550,28308,638,948
101796,2024-07-20T15:48:19,23550,28308,638,948
85304,2024-07-20T15:48:20,23550,28308,638,948
85304,2024-07-20T15:48:21,23550,28308,638,948
85304,2024-07-20T15:48:22,23550,28308,638,948
77020,2024-07-20T15:48:24,23550,28308,638,948
77020,2024-07-20T15:48:25,23550,28308,638,948
77020,2024-07-20T15:48:26,23550,28308,638,948
79867,2024-07-20T15:48:27,23550,28308,638,948
79867,2024-07-20T15:48:28,23550,28308,638,948
103366,2024-07-20T15:48:29,23550,28308,638,948
103366,2024-07-20T15:48:30,23550,28308,638,948
103366,2024-07-20T15:48:31,23550,28308,638,948
111596,2024-07-20T15:48:32,23550,28308,638,948
111596,2024-07-20T15:48:33,23550,28308,638,948
111596,2024-07-20T15:48:34,23550,28308,638,948
107852,2024-07-20T15:48:35,23550,28308,638,948
107852,2024-07-20T15:48:36,23550,28308,638,948
107852,2024-07-20T15:48:38,23550,28308,638,948
85737,2024-07-20T15:48:39,23550,28308,638,948
85737,2024-07-20T15:48:40,23550,28308,638,948
85737,2024-07-20T15:48:41,23550,28308,638,948
76723,2024-07-20T15:48:42,23550,28308,638,948
76723,2024-07-20T15:48:43,23550,28308,638,948
76989,2024-07-20T15:48:44,23550,28308,638,948
76989,2024-07-20T15:48:45,23550,28308,638,948
76989,2024-07-20T15:48:46,23550,28308,638,948
101600,2024-07-20T15:48:47,23550,28308,638,948
101600,2024-07-20T15:48:48,23550,28308,638,948
101600,2024-07-20T15:48:49,23550,28308,638,948
112680,2024-07-20T15:48:51,23550,28308,638,948
112680,2024-07-20T15:48:52,23551,28308,639,948
112680,2024-07-20T15:48:53,23551,28308,639,948
130443,2024-07-20T15:48:54,23551,28308,639,948
130443,2024-07-20T15:48:55,23551,28308,639,948
129315,2024-07-20T15:48:56,23551,28308,639,948
129315,2024-07-20T15:48:57,23551,28308,639,948
129315,2024-07-20T15:48:58,23551,28308,639,948
119308,2024-07-20T15:48:59,23551,28308,639,948
119308,2024-07-20T15:49:00,23551,28309,639,949
119308,2024-07-20T15:49:01,23551,28309,639,949
116917,2024-07-20T15:49:02,23551,28309,639,949
116917,2024-07-20T15:49:04,23551,28309,639,949
116917,2024-07-20T15:49:05,23551,28309,639,949
115971,2024-07-20T15:49:06,23551,28309,639,949
115971,2024-07-20T15:49:07,23551,28309,639,949
115971,2024-07-20T15:49:08,23551,28309,639,949
132470,2024-07-20T15:49:09,23551,28309,639,949
132470,2024-07-20T15:49:10,23551,28309,639,949
146534,2024-07-20T15:49:11,23551,28309,639,949
146534,2024-07-20T15:49:12,23551,28309,639,949
146534,2024-07-20T15:49:13,23551,28309,639,949
136054,2024-07-20T15:49:14,23551,28309,639,949
136054,2024-07-20T15:49:15,23551,28309,639,949
136054,2024-07-20T15:49:16,23551,28309,639,949
128959,2024-07-20T15:49:18,23551,28309,639,949
128959,2024-07-20T15:49:19,23551,28309,639,949
128959,2024-07-20T15:49:20,23552,28309,640,949
92221,2024-07-20T15:49:21,23552,28309,640,949
92221,2024-07-20T15:49:22,23552,28309,640,949
92221,2024-07-20T15:49:23,23552,28309,640,949
81381,2024-07-20T15:49:24,23552,28309,640,949
81381,2024-07-20T15:49:25,23552,28309,640,949
81102,2024-07-20T15:49:26,23552,28309,640,949
81102,2024-07-20T15:49:27,23552,28309,640,949
81102,2024-07-20T15:49:28,23552,28309,640,949
86226,2024-07-20T15:49:29,23552,28309,640,949
86226,2024-07-20T15:49:31,23552,28309,640,949
86226,2024-07-20T15:49:32,23552,28309,640,949
100827,2024-07-20T15:49:33,23552,28309,640,949
100827,2024-07-20T15:49:34,23552,28309,640,949
100827,2024-07-20T15:49:35,23552,28309,640,949
110046,2024-07-20T15:49:36,23552,28309,640,949
110046,2024-07-20T15:49:37,23552,28309,640,949
100945,2024-07-20T15:49:38,23552,28309,640,949
100945,2024-07-20T15:49:39,23552,28309,640,949
100945,2024-07-20T15:49:40,23552,28309,640,949
79448,2024-07-20T15:49:41,23552,28309,640,949
79448,2024-07-20T15:49:42,23552,28309,640,949
79448,2024-07-20T15:49:43,23552,28309,640,949
73780,2024-07-20T15:49:45,23552,28309,640,949
73780,2024-07-20T15:49:46,23552,28309,640,949
73780,2024-07-20T15:49:47,23552,28309,640,949
96277,2024-07-20T15:49:48,23552,28309,640,949
96277,2024-07-20T15:49:49,23552,28309,640,949
96277,2024-07-20T15:49:50,23552,28309,640,949
111140,2024-07-20T15:49:51,23552,28309,640,949
111140,2024-07-20T15:49:52,23552,28309,640,949
118758,2024-07-20T15:49:53,23552,28309,640,949
118758,2024-07-20T15:49:54,23552,28309,640,949
118758,2024-07-20T15:49:55,23552,28309,640,949
127756,2024-07-20T15:49:56,23552,28309,640,949
127756,2024-07-20T15:49:58,23553,28309,641,949
127756,2024-07-20T15:49:59,23553,28309,641,949
122072,2024-07-20T15:50:00,23553,28310,641,950
122072,2024-07-20T15:50:01,23553,28310,641,950
122072,2024-07-20T15:50:02,23553,28310,641,950
118722,2024-07-20T15:50:03,23553,28310,641,950
118722,2024-07-20T15:50:04,23553,28310,641,950
112426,2024-07-20T15:50:05,23553,28310,641,950
112426,2024-07-20T15:50:06,23553,28310,641,950
112426,2024-07-20T15:50:07,23553,28310,641,950
115790,2024-07-20T15:50:08,23553,28310,641,950
115790,2024-07-20T15:50:09,23553,28310,641,950
115790,2024-07-20T15:50:10,23553,28310,641,950
125481,2024-07-20T15:50:12,23553,28310,641,950
125481,2024-07-20T15:50:13,23553,28310,641,950
125481,2024-07-20T15:50:14,23553,28310,641,950
141334,2024-07-20T15:50:15,23553,28310,641,950
141334,2024-07-20T15:50:16,23553,28310,641,950
141334,2024-07-20T15:50:17,23553,28310,641,950
135721,2024-07-20T15:50:18,23553,28310,641,950
135721,2024-07-20T15:50:19,23553,28310,641,950
118613,2024-07-20T15:50:20,23553,28310,641,950
118613,2024-07-20T15:50:21,23553,28310,641,950
118613,2024-07-20T15:50:22,23553,28310,641,950
97474,2024-07-20T15:50:23,23553,28310,641,950
97474,2024-07-20T15:50:24,23553,28310,641,950
97474,2024-07-20T15:50:26,23553,28310,641,950
89240,2024-07-20T15:50:27,23553,28310,641,950
89240,2024-07-20T15:50:28,23554,28310,642,950
89240,2024-07-20T15:50:29,23554,28310,642,950
85006,2024-07-20T15:50:30,23554,28310,642,950
85006,2024-07-20T15:50:31,23554,28310,642,950
87878,2024-07-20T15:50:32,23554,28310,642,950
87878,2024-07-20T15:50:33,23554,28310,642,950
87878,2024-07-20T15:50:34,23554,28310,642,950
98805,2024-07-20T15:50:35,23554,28310,642,950
98805,2024-07-20T15:50:36,23554,28310,642,950
98805,2024-07-20T15:50:37,23554,28310,642,950
103472,2024-07-20T15:50:38,23554,28310,642,950
103472,2024-07-20T15:50:40,23554,28310,642,950
103472,2024-07-20T15:50:41,23554,28310,642,950
105415,2024-07-20T15:50:42,23554,28310,642,950
105415,2024-07-20T15:50:43,23554,28310,642,950
105415,2024-07-20T15:50:44,23554,28310,642,950
91464,2024-07-20T15:50:45,23554,28310,642,950
91464,2024-07-20T15:50:46,23554,28310,642,950
83138,2024-07-20T15:50:47,23554,28310,642,950
83138,2024-07-20T15:50:48,23554,28310,642,950
83138,2024-07-20T15:50:49,23554,28310,642,950
76143,2024-07-20T15:50:50,23554,28310,642,950
76143,2024-07-20T15:50:51,23554,28310,642,950
76143,2024-07-20T15:50:53,23554,28310,642,950
87774,2024-07-20T15:50:54,23554,28310,642,950
87774,2024-07-20T15:50:55,23554,28310,642,950
87774,2024-07-20T15:50:56,23554,28310,642,950
109620,2024-07-20T15:50:57,23554,28310,642,950
109620,2024-07-20T15:50:58,23554,28310,642,950
109620,2024-07-20T15:50:59,23554,28310,642,950
123350,2024-07-20T15:51:00,23554,28311,642,951
123350,2024-07-20T15:51:01,23554,28311,642,951
130526,2024-07-20T15:51:02,23554,28311,642,951
130526,2024-07-20T15:51:03,23554,28311,642,951
130526,2024-07-20T15:51:04,23555,28311,643,951
129770,2024-07-20T15:51:05,23555,28311,643,951
129770,2024-07-20T15:51:07,23555,28311,643,951
129770,2024-07-20T15:51:08,23555,28311,643,951
118024,2024-07-20T15:51:09,23555,28311,643,951
118024,2024-07-20T15:51:10,23555,28311,643,951
118024,2024-07-20T15:51:11,23555,28311,643,951
105626,2024-07-20T15:51:12,23555,28311,643,951
105626,2024-07-20T15:51:13,23555,28311,643,951
105626,2024-07-20T15:51:14,23555,28311,643,951
86028,2024-07-20T15:51:15,23555,28311,643,951
86028,2024-07-20T15:51:16,23555,28311,643,951
86965,2024-07-20T15:51:17,23555,28311,643,951
86965,2024-07-20T15:51:18,23555,28311,643,951
86965,2024-07-20T15:51:19,23555,28311,643,951
87542,2024-07-20T15:51:21,23555,28311,643,951
87542,2024-07-20T15:51:22,23555,28311,643,951
87542,2024-07-20T15:51:23,23555,28311,643,951
102414,2024-07-20T15:51:24,23555,28311,643,951
102414,2024-07-20T15:51:25,23555,28311,643,951
102414,2024-07-20T15:51:26,23555,28311,643,951
113143,2024-07-20T15:51:27,23555,28311,643,951
113143,2024-07-20T15:51:28,23555,28311,643,951
123534,2024-07-20T15:51:29,23555,28311,643,951
123534,2024-07-20T15:51:30,23555,28311,643,951
123534,2024-07-20T15:51:31,23555,28311,643,951
126884,2024-07-20T15:51:32,23555,28311,643,951
126884,2024-07-20T15:51:33,23555,28311,643,951
126884,2024-07-20T15:51:35,23555,28311,643,951
135727,2024-07-20T15:51:36,23555,28311,643,951
135727,2024-07-20T15:51:37,23556,28311,644,951
135727,2024-07-20T15:51:38,23556,28311,644,951
123624,2024-07-20T15:51:39,23556,28311,644,951
123624,2024-07-20T15:51:40,23556,28311,644,951
123624,2024-07-20T15:51:41,23556,28311,644,951
107114,2024-07-20T15:51:42,23556,28311,644,951
107114,2024-07-20T15:51:43,23556,28311,644,951
80284,2024-07-20T15:51:44,23556,28311,644,951
80284,2024-07-20T15:51:45,23556,28311,644,951
80284,2024-07-20T15:51:46,23556,28311,644,951
72462,2024-07-20T15:51:48,23556,28311,644,951
72462,2024-07-20T15:51:49,23556,28311,644,951
72462,2024-07-20T15:51:50,23556,28311,644,951
74352,2024-07-20T15:51:51,23556,28311,644,951
74352,2024-07-20T15:51:52,23556,28311,644,951
74352,2024-07-20T15:51:53,23556,28311,644,951
80597,2024-07-20T15:51:54,23556,28311,644,951
80597,2024-07-20T15:51:55,23556,28311,644,951
86131,2024-07-20T15:51:56,23556,28311,644,951
86131,2024-07-20T15:51:57,23556,28311,644,951
86131,2024-07-20T15:51:58,23556,28311,644,951
72764,2024-07-20T15:51:59,23556,28311,644,951
72764,2024-07-20T15:52:01,23556,28312,644,952
72764,2024-07-20T15:52:02,23556,28312,644,952
68433,2024-07-20T15:52:03,23556,28312,644,952
68433,2024-07-20T15:52:04,23556,28312,644,952
68433,2024-07-20T15:52:05,23556,28312,644,952
71798,2024-07-20T15:52:06,23556,28312,644,952
71798,2024-07-20T15:52:07,23556,28312,644,952
71798,2024-07-20T15:52:08,23556,28312,644,952
55889,2024-07-20T15:52:09,23556,28312,644,952
55889,2024-07-20T15:52:10,23556,28312,644,952
24653,2024-07-20T15:52:11,23556,28312,644,952
24653,2024-07-20T15:52:12,23556,28312,644,952
24653,2024-07-20T15:52:13,23556,28312,644,952
24644,2024-07-20T15:52:15,23556,28312,644,952
